{
  "losses_distributed": [
    [
      1,
      24.01841478370685
    ],
    [
      2,
      6.328175627768185
    ],
    [
      3,
      2.2676001538528254
    ],
    [
      4,
      2.4967077721821105
    ],
    [
      5,
      0.8457701366982961
    ],
    [
      6,
      7.113597261452977
    ],
    [
      7,
      3.512188271027577
    ],
    [
      8,
      5.585294097302908
    ],
    [
      9,
      7.532441730311329
    ],
    [
      10,
      2.663340382915714
    ],
    [
      11,
      3.2329196852339797
    ],
    [
      12,
      4.097430167490459
    ],
    [
      13,
      5.066740412681744
    ],
    [
      14,
      4.017379226178474
    ],
    [
      15,
      0.9150659921440748
    ],
    [
      16,
      2.655491954784103
    ],
    [
      17,
      4.558015808888608
    ],
    [
      18,
      6.1911872346108625
    ],
    [
      19,
      8.368422851803052
    ],
    [
      20,
      4.321253682279655
    ],
    [
      21,
      10.565866930555083
    ],
    [
      22,
      0.10092417276005825
    ],
    [
      23,
      18.110391927408696
    ],
    [
      24,
      0.8121662001918863
    ],
    [
      25,
      14.192042002208334
    ],
    [
      26,
      10.18134638396732
    ],
    [
      27,
      2.1807928522901587
    ],
    [
      28,
      0.19413975036742134
    ],
    [
      29,
      0.8904462822948593
    ],
    [
      30,
      0.4665698586394094
    ],
    [
      31,
      8.751360141534247
    ],
    [
      32,
      2.7691197398140397
    ],
    [
      33,
      3.145427195602725
    ],
    [
      34,
      1.5149514438896432
    ],
    [
      35,
      6.40321337933874
    ],
    [
      36,
      0.725583762113302
    ],
    [
      37,
      3.310027416121792
    ],
    [
      38,
      1.5558219112059068
    ],
    [
      39,
      2.9579982456119582
    ],
    [
      40,
      1.4815564574744349
    ],
    [
      41,
      4.100883233211132
    ],
    [
      42,
      5.799644243651332
    ],
    [
      43,
      0.31169271777416097
    ],
    [
      44,
      1.8630487762788344
    ],
    [
      45,
      1.2444080423489
    ],
    [
      46,
      0.6369581159428402
    ],
    [
      47,
      2.553432206273237
    ],
    [
      48,
      4.102129990504746
    ],
    [
      49,
      2.0593169269859106
    ],
    [
      50,
      1.3529391650596625
    ]
  ],
  "metrics_distributed": [
    [
      1,
      {
        "val_accuracy": 0.0
      }
    ],
    [
      2,
      {
        "val_accuracy": 0.41574750830564783
      }
    ],
    [
      3,
      {
        "val_accuracy": 0.4026462542087542
      }
    ],
    [
      4,
      {
        "val_accuracy": 0.31973508508863774
      }
    ],
    [
      5,
      {
        "val_accuracy": 0.5696310711601231
      }
    ],
    [
      6,
      {
        "val_accuracy": 0.002409963243090408
      }
    ],
    [
      7,
      {
        "val_accuracy": 0.00838958789849438
      }
    ],
    [
      8,
      {
        "val_accuracy": 0.11197916666666666
      }
    ],
    [
      9,
      {
        "val_accuracy": 0.33900573446878335
      }
    ],
    [
      10,
      {
        "val_accuracy": 0.4924199909499051
      }
    ],
    [
      11,
      {
        "val_accuracy": 0.06911260473052162
      }
    ],
    [
      12,
      {
        "val_accuracy": 0.4970783703247852
      }
    ],
    [
      13,
      {
        "val_accuracy": 0.5956948592607507
      }
    ],
    [
      14,
      {
        "val_accuracy": 0.05626595389884426
      }
    ],
    [
      15,
      {
        "val_accuracy": 0.678123891236332
      }
    ],
    [
      16,
      {
        "val_accuracy": 0.36515570130138403
      }
    ],
    [
      17,
      {
        "val_accuracy": 0.29465740414908326
      }
    ],
    [
      18,
      {
        "val_accuracy": 0.5668716889647123
      }
    ],
    [
      19,
      {
        "val_accuracy": 0.5699086378737541
      }
    ],
    [
      20,
      {
        "val_accuracy": 0.7026008764096867
      }
    ],
    [
      21,
      {
        "val_accuracy": 0.2930394056847545
      }
    ],
    [
      22,
      {
        "val_accuracy": 0.8841618015012511
      }
    ],
    [
      23,
      {
        "val_accuracy": 0.2931909865924891
      }
    ],
    [
      24,
      {
        "val_accuracy": 0.8933312908496732
      }
    ],
    [
      25,
      {
        "val_accuracy": 0.2266889074228524
      }
    ],
    [
      26,
      {
        "val_accuracy": 0.47259296310755416
      }
    ],
    [
      27,
      {
        "val_accuracy": 0.45354032568668795
      }
    ],
    [
      28,
      {
        "val_accuracy": 0.8420188463735009
      }
    ],
    [
      29,
      {
        "val_accuracy": 0.7759862588652482
      }
    ],
    [
      30,
      {
        "val_accuracy": 0.4963592233009709
      }
    ],
    [
      31,
      {
        "val_accuracy": 0.0029190992493744786
      }
    ],
    [
      32,
      {
        "val_accuracy": 0.2099190890020977
      }
    ],
    [
      33,
      {
        "val_accuracy": 0.3322446689113356
      }
    ],
    [
      34,
      {
        "val_accuracy": 0.4113580535922729
      }
    ],
    [
      35,
      {
        "val_accuracy": 0.2749475576865448
      }
    ],
    [
      36,
      {
        "val_accuracy": 0.8038282126823794
      }
    ],
    [
      37,
      {
        "val_accuracy": 0.560237553285145
      }
    ],
    [
      38,
      {
        "val_accuracy": 0.6587366587366588
      }
    ],
    [
      39,
      {
        "val_accuracy": 0.5825872789931076
      }
    ],
    [
      40,
      {
        "val_accuracy": 0.7699813286053596
      }
    ],
    [
      41,
      {
        "val_accuracy": 0.2836386754576123
      }
    ],
    [
      42,
      {
        "val_accuracy": 0.16316837018495342
      }
    ],
    [
      43,
      {
        "val_accuracy": 0.9073202614379086
      }
    ],
    [
      44,
      {
        "val_accuracy": 0.653578129768606
      }
    ],
    [
      45,
      {
        "val_accuracy": 0.40118418758972973
      }
    ],
    [
      46,
      {
        "val_accuracy": 0.8455042590405456
      }
    ],
    [
      47,
      {
        "val_accuracy": 0.5115526498226367
      }
    ],
    [
      48,
      {
        "val_accuracy": 0.5032586823971432
      }
    ],
    [
      49,
      {
        "val_accuracy": 0.4593012790097559
      }
    ],
    [
      50,
      {
        "val_accuracy": 0.6358885080780075
      }
    ]
  ],
  "metrics_distributed_fit": [
    [
      1,
      {
        "train_loss": 0.44971399419175995,
        "train_accuracy": 0.8978102189781022
      }
    ],
    [
      2,
      {
        "train_loss": 0.9406297999915525,
        "train_accuracy": 0.8359588524230284
      }
    ],
    [
      3,
      {
        "train_loss": 0.6084842042661431,
        "train_accuracy": 0.8082012184475186
      }
    ],
    [
      4,
      {
        "train_loss": 0.7706357321484869,
        "train_accuracy": 0.7630263157894737
      }
    ],
    [
      5,
      {
        "train_loss": 0.21947999079358904,
        "train_accuracy": 0.9482754471805567
      }
    ],
    [
      6,
      {
        "train_loss": 0.17948172889394298,
        "train_accuracy": 0.9573922826163985
      }
    ],
    [
      7,
      {
        "train_loss": 0.5982703532386657,
        "train_accuracy": 0.8418682967745428
      }
    ],
    [
      8,
      {
        "train_loss": 0.18880778945753826,
        "train_accuracy": 0.9470482072671854
      }
    ],
    [
      9,
      {
        "train_loss": 0.5742196284664977,
        "train_accuracy": 0.844733583502552
      }
    ],
    [
      10,
      {
        "train_loss": 0.7783332206010067,
        "train_accuracy": 0.8105055492070659
      }
    ],
    [
      11,
      {
        "train_loss": 1.0056266708905617,
        "train_accuracy": 0.7366101694915255
      }
    ],
    [
      12,
      {
        "train_loss": 1.1080315951405773,