{
  "losses_distributed": [
    [
      1,
      1.2375723024630532
    ],
    [
      2,
      0.5187830464455204
    ],
    [
      3,
      0.5859744610220698
    ],
    [
      4,
      0.4423899460809896
    ],
    [
      5,
      0.5649765821199582
    ],
    [
      6,
      0.8925017702642277
    ],
    [
      7,
      0.40264242564796643
    ],
    [
      8,
      0.39273220145651744
    ],
    [
      9,
      0.44572966709579387
    ],
    [
      10,
      0.9701390507413373
    ],
    [
      11,
      0.4895377125780461
    ],
    [
      12,
      0.5875100657142707
    ],
    [
      13,
      0.6056320121578077
    ],
    [
      14,
      0.4989916369733798
    ],
    [
      15,
      0.5529584293065222
    ],
    [
      16,
      0.5511708687570759
    ],
    [
      17,
      0.34925003638260577
    ],
    [
      18,
      0.5216345773603683
    ],
    [
      19,
      0.6023384318814534
    ],
    [
      20,
      0.6510020183480304
    ],
    [
      21,
      0.37300581485033035
    ],
    [
      22,
      0.38486821397979915
    ],
    [
      23,
      0.47201629315953453
    ],
    [
      24,
      0.4367023272688071
    ],
    [
      25,
      0.6346059558306767
    ],
    [
      26,
      0.3683553885403326
    ],
    [
      27,
      0.8086089564134851
    ],
    [
      28,
      0.4334257250535816
    ],
    [
      29,
      0.43651597935317016
    ],
    [
      30,
      0.5777415766507616
    ]
  ],
  "metrics_distributed": [
    [
      1,
      {
        "val_accuracy": 0.6558420614086173
      }
    ],
    [
      2,
      {
        "val_accuracy": 0.791398370402995
      }
    ],
    [
      3,
      {
        "val_accuracy": 0.7782786853424849
      }
    ],
    [
      4,
      {
        "val_accuracy": 0.8372698017927445
      }
    ],
    [
      5,
      {
        "val_accuracy": 0.7465459089844
      }
    ],
    [
      6,
      {
        "val_accuracy": 0.6006911638997616
      }
    ],
    [
      7,
      {
        "val_accuracy": 0.8540459821931703
      }
    ],
    [
      8,
      {
        "val_accuracy": 0.8624219542432097
      }
    ],
    [
      9,
      {
        "val_accuracy": 0.8245864568109015
      }
    ],
    [
      10,
      {
        "val_accuracy": 0.6991720484195496
      }
    ],
    [
      11,
      {
        "val_accuracy": 0.8306816505427271
      }
    ],
    [
      12,
      {
        "val_accuracy": 0.7589106859155903
      }
    ],
    [
      13,
      {
        "val_accuracy": 0.7479494150465199
      }
    ],
    [
      14,
      {
        "val_accuracy": 0.7827863922666434
      }
    ],
    [
      15,
      {
        "val_accuracy": 0.8005149882011657
      }
    ],
    [
      16,
      {
        "val_accuracy": 0.776365856428896
      }
    ],
    [
      17,
      {
        "val_accuracy": 0.8819271476430051
      }
    ],
    [
      18,
      {
        "val_accuracy": 0.8142250681508405
      }
    ],
    [
      19,
      {
        "val_accuracy": 0.7693902100388863
      }
    ],
    [
      20,
      {
        "val_accuracy": 0.7149325132410729
      }
    ],
    [
      21,
      {
        "val_accuracy": 0.8777641716000324
      }
    ],
    [
      22,
      {
        "val_accuracy": 0.8569856459330144
      }
    ],
    [
      23,
      {
        "val_accuracy": 0.8180101948001322
      }
    ],
    [
      24,
      {
        "val_accuracy": 0.8316762416604893
      }
    ],
    [
      25,
      {
        "val_accuracy": 0.7156921366911144
      }
    ],
    [
      26,
      {
        "val_accuracy": 0.8632695428358463
      }
    ],
    [
      27,
      {
        "val_accuracy": 0.691140481438017
      }
    ],
    [
      28,
      {
        "val_accuracy": 0.8130186785418352
      }
    ],
    [
      29,
      {
        "val_accuracy": 0.8208927999837414
      }
    ],
    [
      30,
      {
        "val_accuracy": 0.7617082849876751
      }
    ]
  ],
  "metrics_distributed_fit": [
    [
      1,
      {
        "train_loss": 0.7737435173915058,
        "train_accuracy": 0.737051282051282
      }
    ],
    [
      2,
      {
        "train_loss": 0.7011017328951658,
        "train_accuracy": 0.7707156632193977
      }
    ],
    [
      3,
      {
        "train_loss": 0.47067567479720257,
        "train_accuracy": 0.8420248365801664
      }
    ],
    [
      4,
      {
        "train_loss": 0.4954386986867976,
        "train_accuracy": 0.8270647157005527
      }
    ],
    [
      5,
      {
        "train_loss": 0.3885602552603941,
        "train_accuracy": 0.8827362757878184
      }
    ],
    [
      6,
      {
        "train_loss": 0.3801512993594809,
        "train_accuracy": 0.8869354449077581
      }
    ],
    [
      7,
      {
        "train_loss": 0.4411715623148201,
        "train_accuracy": 0.8597108132505104
      }
    ],
    [
      8,
      {
        "train_loss": 0.3975811628795293,
        "train_accuracy": 0.873992211386474
      }
    ],
    [
      9,
      {
        "train_loss": 0.5135457252793091,
        "train_accuracy": 0.8316936736670386
      }
    ],
    [
      10,
      {
        "train_loss": 0.4924390579388574,
        "train_accuracy": 0.8289939722739922
      }
    ],
    [
      11,
      {
        "train_loss": 0.4787484849794931,
        "train_accuracy": 0.8380993252947305
      }
    ],
    [
      12,
      {
        "train_loss": 0.4627378750723093,
        "train_accuracy": 0.8476850483667722
      }
    ],
    [
      13,
      {
        "train_loss": 0.4184638663748317,
        "train_accuracy": 0.8689303427414502
      }
    ],
    [
      14,
      {
        "train_loss": 0.48393794981426425,
        "train_accuracy": 0.8452611472394521
      }
    ],
    [
      15,
      {
        "train_loss": 0.48275881663876613,
        "train_accuracy": 0.8352652675839773
      }
    ],
    [
      16,
      {
        "train_loss": 0.47582028865486103,
        "train_accuracy": 0.8502047107420809
      }
    ],
    [
      17,
      {
        "train_loss": 0.4435377250798261,
        "train_accuracy": 0.8583553223251
      }
    ],
    [
      18,
      {
        "train_loss": 0.46723980226415973,
        "train_accuracy": 0.8452619651085663
      }
    ],
    [
      19,
      {
        "train_loss": 0.4553314809863316,
        "train_accuracy": 0.8636551765041901
      }
    ],
    [
      20,
      {
        "train_loss": 0.40906388951638056,
        "train_accuracy": 0.8802037098972431
      }
    ],
    [
      21,
      {
        "train_loss": 0.49828999390465273,
        "train_accuracy": 0.8334129257819387
      }
    ],
    [
      22,
      {
        "train_loss": 0.5436831511897,
        "train_accuracy": 0.8244646489112682
      }
    ],
    [
      23,
      {
        "train_loss": 0.4523347042887167,
        "train_accuracy": 0.8575803742083815
      }
    ],
    [
      24,
      {
        "train_loss": 0.4723971664527545,
        "train_accuracy": 0.8530979795239598
      }
    ],
    [
      25,
      {
        "train_loss": 0.5199688133938284,
        "train_accuracy": 0.8235230406492273
      }
    ],
    [
      26,
      {
        "train_loss": 0.5629708931077281,
        "train_accuracy": 0.8210426185944953
      }
    ],
    [
      27,
      {
        "train_loss": 0.5167610822256855,
        "train_accuracy": 0.8301801947918964
      }
    ],
    [
      28,
      {
        "train_loss": 0.47883997731869393,
        "train_accuracy": 0.8538696581498265
      }
    ],
    [
      29,
      {
        "train_loss": 0.4747380820816887,
        "train_accuracy": 0.863130474939818
      }
    ],
    [
      30,
      {
        "train_loss": 0.5841515783255536,
        "train_accuracy": 0.7915013471621085
      }
    ]
  ]
}