{
  "losses_distributed": [
    [
      1,
      1.2454150165093365
    ],
    [
      2,
      0.8662048702556375
    ],
    [
      3,
      0.7591554978161885
    ],
    [
      4,
      0.7405249650669543
    ],
    [
      5,
      0.6780655403837773
    ],
    [
      6,
      0.6080935193589453
    ],
    [
      7,
      0.5853431013580483
    ],
    [
      8,
      0.5197668507695198
    ],
    [
      9,
      0.5996424992945021
    ],
    [
      10,
      0.5721906938033396
    ],
    [
      11,
      0.6387495292629929
    ],
    [
      12,
      0.48688169882338656
    ],
    [
      13,
      0.5437940920401192
    ],
    [
      14,
      0.5247660572468752
    ],
    [
      15,
      0.4402548993229866
    ],
    [
      16,
      0.5068292747487605
    ],
    [
      17,
      0.5544213894999923
    ],
    [
      18,
      0.5256656415372098
    ],
    [
      19,
      0.5934806988045976
    ],
    [
      20,
      0.4339912440837099
    ],
    [
      21,
      0.4418759521475692
    ],
    [
      22,
      0.5879309308566607
    ],
    [
      23,
      0.4984644220672386
    ],
    [
      24,
      0.5581146424865648
    ],
    [
      25,
      0.5540757368201322
    ],
    [
      26,
      0.5264726337037602
    ],
    [
      27,
      0.5324647298828532
    ],
    [
      28,
      0.4988797526054072
    ],
    [
      29,
      0.518018071956325
    ],
    [
      30,
      0.5309985459605947
    ],
    [
      31,
      0.48409999398887815
    ],
    [
      32,
      0.4615940415000014
    ],
    [
      33,
      0.4621598844104584
    ],
    [
      34,
      0.45974529415141535
    ],
    [
      35,
      0.47480554661608687
    ],
    [
      36,
      0.5911048857512987
    ],
    [
      37,
      0.463234086310945
    ],
    [
      38,
      0.48673436192234387
    ],
    [
      39,
      0.5332984683124367
    ],
    [
      40,
      0.4832149813235398
    ],
    [
      41,
      0.46651635153320875
    ],
    [
      42,
      0.4239844926352119
    ],
    [
      43,
      0.42649956866530064
    ],
    [
      44,
      0.41475053902846487
    ],
    [
      45,
      0.47987178663615054
    ],
    [
      46,
      0.44148748978627045
    ],
    [
      47,
      0.5091062988861498
    ],
    [
      48,
      0.4973925033501819
    ],
    [
      49,
      0.4657196222708143
    ],
    [
      50,
      0.434972263449719
    ]
  ],
  "metrics_distributed": [
    [
      1,
      {
        "val_accuracy": 0.526349625543688
      }
    ],
    [
      2,
      {
        "val_accuracy": 0.6877533102323762
      }
    ],
    [
      3,
      {
        "val_accuracy": 0.7072791730066355
      }
    ],
    [
      4,
      {
        "val_accuracy": 0.7085933423243322
      }
    ],
    [
      5,
      {
        "val_accuracy": 0.7285927698122532
      }
    ],
    [
      6,
      {
        "val_accuracy": 0.7602384460144889
      }
    ],
    [
      7,
      {
        "val_accuracy": 0.7810196714064688
      }
    ],
    [
      8,
      {
        "val_accuracy": 0.8015881238769001
      }
    ],
    [
      9,
      {
        "val_accuracy": 0.7627968137651961
      }
    ],
    [
      10,
      {
        "val_accuracy": 0.7719371027099364
      }
    ],
    [
      11,
      {
        "val_accuracy": 0.7638885330372648
      }
    ],
    [
      12,
      {
        "val_accuracy": 0.8172107192880111
      }
    ],
    [
      13,
      {
        "val_accuracy": 0.8163807311542504
      }
    ],
    [
      14,
      {
        "val_accuracy": 0.8033618108976307
      }
    ],
    [
      15,
      {
        "val_accuracy": 0.826802221106992
      }
    ],
    [
      16,
      {
        "val_accuracy": 0.7922748252067815
      }
    ],
    [
      17,
      {
        "val_accuracy": 0.7869920513914415
      }
    ],
    [
      18,
      {
        "val_accuracy": 0.7866718334933926
      }
    ],
    [
      19,
      {
        "val_accuracy": 0.7399162126105008
      }
    ],
    [
      20,
      {
        "val_accuracy": 0.8284366959193057
      }
    ],
    [
      21,
      {
        "val_accuracy": 0.8196264648930676
      }
    ],
    [
      22,
      {
        "val_accuracy": 0.7690690182971751
      }
    ],
    [
      23,
      {
        "val_accuracy": 0.7918232322701925
      }
    ],
    [
      24,
      {
        "val_accuracy": 0.7893579729998121
      }
    ],
    [
      25,
      {
        "val_accuracy": 0.7794668483152584
      }
    ],
    [
      26,
      {
        "val_accuracy": 0.7914299862059209
      }
    ],
    [
      27,
      {
        "val_accuracy": 0.7786320397977642
      }
    ],
    [
      28,
      {
        "val_accuracy": 0.815208479922146
      }
    ],
    [
      29,
      {
        "val_accuracy": 0.8040364554738113
      }
    ],
    [
      30,
      {
        "val_accuracy": 0.8068487348821158
      }
    ],
    [
      31,
      {
        "val_accuracy": 0.8127572451345542
      }
    ],
    [
      32,
      {
        "val_accuracy": 0.8039529747417553
      }
    ],
    [
      33,
      {
        "val_accuracy": 0.8359491778774291
      }
    ],
    [
      34,
      {
        "val_accuracy": 0.8292228006212916
      }
    ],
    [
      35,
      {
        "val_accuracy": 0.8210886417140317
      }
    ],
    [
      36,
      {
        "val_accuracy": 0.7543029218030921
      }
    ],
    [
      37,
      {
        "val_accuracy": 0.8216409234346455
      }
    ],
    [
      38,
      {
        "val_accuracy": 0.8110478878614361
      }
    ],
    [
      39,
      {
        "val_accuracy": 0.7795071394517779
      }
    ],
    [
      40,
      {
        "val_accuracy": 0.8073162072638157
      }
    ],
    [
      41,
      {
        "val_accuracy": 0.8089014658686791
      }
    ],
    [
      42,
      {
        "val_accuracy": 0.8415983083597652
      }
    ],
    [
      43,
      {
        "val_accuracy": 0.8411579679345954
      }
    ],
    [
      44,
      {
        "val_accuracy": 0.8354499470053249
      }
    ],
    [
      45,
      {
        "val_accuracy": 0.8152797408206193
      }
    ],
    [
      46,
      {
        "val_accuracy": 0.8331311202489978
      }
    ],
    [
      47,
      {
        "val_accuracy": 0.7953309667205501
      }
    ],
    [
      48,
      {
        "val_accuracy": 0.7988919741382282
      }
    ],
    [
      49,
      {
        "val_accuracy": 0.8312707251569997
      }
    ],
    [
      50,
      {
        "val_accuracy": 0.8402383227789388
      }
    ]
  ],
  "metrics_distributed_fit": [
    [
      1,
      {
        "train_loss": 1.5619527097814572,
        "train_accuracy": 0.43030066380320187
      }
    ],
    [
      2,
      {
        "train_loss": 1.068134311246582,
        "train_accuracy": 0.6219785512297233
      }
    ],
    [
      3,
      {
        "train_loss": 0.9866626412748434,
        "train_accuracy": 0.639166233121109
      }
    ],
    [
      4,
      {
        "train_loss": 0.979915330634012,
        "train_accuracy": 0.6407321594068582
      }
    ],
    [
      5,
      {
        "train_loss": 0.9045600357051098,
        "train_accuracy": 0.6729049580055888
      }
    ],
    [
      6,
      {
        "train_loss": 0.8265444923040687,
        "train_accuracy": 0.699412071048648
      }
    ],
    [
      7,
      {
        "train_loss": 0.8767368419541063,
        "train_accuracy": 0.6688450635119665
      }
    ],
    [
      8,
      {
        "train_loss": 0.8205244882013047,
        "train_accuracy": 0.7010003451528389
      }
    ],
    [
      9,
      {
        "train_loss": 0.8142188433242739,
        "train_accuracy": 0.6964606795333035
      }
    ],
    [
      10,
      {
        "train_loss": 0.7494392717365834,
        "train_accuracy": 0.7335529586853609
      }
    ],
    [
      11,
      {
        "train_loss": 0.7663343385523131,