{
  "losses_distributed": [
    [
      1,
      2.1906056724273
    ],
    [
      2,
      0.8492232157216851
    ],
    [
      3,
      0.890082133349223
    ],
    [
      4,
      0.3993647872500148
    ],
    [
      5,
      0.5014919340324767
    ],
    [
      6,
      0.624943375657785
    ],
    [
      7,
      0.43247945550989897
    ],
    [
      8,
      0.5027127464329101
    ],
    [
      9,
      0.6949214541495627
    ],
    [
      10,
      0.5332861515328133
    ],
    [
      11,
      0.43081456862600104
    ],
    [
      12,
      0.43503153980243114
    ],
    [
      13,
      0.6312566600819499
    ],
    [
      14,
      0.7471116892876039
    ],
    [
      15,
      0.41478458336639656
    ],
    [
      16,
      0.8508710516027257
    ],
    [
      17,
      0.47900426699154414
    ],
    [
      18,
      0.4755106052957979
    ],
    [
      19,
      0.4053145788915818
    ],
    [
      20,
      0.5241380701742886
    ],
    [
      21,
      0.35445152571793415
    ],
    [
      22,
      0.5209817027941541
    ],
    [
      23,
      0.6552168524312407
    ],
    [
      24,
      0.5750331494966362
    ],
    [
      25,
      0.760400817896842
    ],
    [
      26,
      0.6592993532415703
    ],
    [
      27,
      0.41644688303187744
    ],
    [
      28,
      0.9492564873866352
    ],
    [
      29,
      0.4176565026029891
    ],
    [
      30,
      0.34731688436826286
    ],
    [
      31,
      0.6265666920556147
    ],
    [
      32,
      0.721462487624725
    ],
    [
      33,
      0.7743832331802858
    ],
    [
      34,
      0.6934939777224242
    ],
    [
      35,
      0.6640221995994481
    ],
    [
      36,
      0.7745574436970611
    ],
    [
      37,
      0.5172626145716662
    ],
    [
      38,
      0.6372365378416501
    ],
    [
      39,
      0.4556832227754238
    ],
    [
      40,
      0.4652438287114268
    ],
    [
      41,
      0.3735447890817907
    ],
    [
      42,
      0.47876991552175935
    ],
    [
      43,
      0.74304970209542
    ],
    [
      44,
      0.4482230306188246
    ],
    [
      45,
      0.8733165758049748
    ],
    [
      46,
      0.6111710893882526
    ],
    [
      47,
      0.5965837280869778
    ],
    [
      48,
      0.4340929989067207
    ],
    [
      49,
      0.35263488148956434
    ],
    [
      50,
      0.5428972624926175
    ]
  ],
  "metrics_distributed": [
    [
      1,
      {
        "val_accuracy": 0.5839597253484623
      }
    ],
    [
      2,
      {
        "val_accuracy": 0.5893400726942299
      }
    ],
    [
      3,
      {
        "val_accuracy": 0.5864013849885577
      }
    ],
    [
      4,
      {
        "val_accuracy": 0.846398507825805
      }
    ],
    [
      5,
      {
        "val_accuracy": 0.8204697924388435
      }
    ],
    [
      6,
      {
        "val_accuracy": 0.7199020737327189
      }
    ],
    [
      7,
      {
        "val_accuracy": 0.8322424017790956
      }
    ],
    [
      8,
      {
        "val_accuracy": 0.8105655608706477
      }
    ],
    [
      9,
      {
        "val_accuracy": 0.6792040484119489
      }
    ],
    [
      10,
      {
        "val_accuracy": 0.7575318848575323
      }
    ],
    [
      11,
      {
        "val_accuracy": 0.8382654334581223
      }
    ],
    [
      12,
      {
        "val_accuracy": 0.8395676429567642
      }
    ],
    [
      13,
      {
        "val_accuracy": 0.7624118076392832
      }
    ],
    [
      14,
      {
        "val_accuracy": 0.7204736483416629
      }
    ],
    [
      15,
      {
        "val_accuracy": 0.8525079045702788
      }
    ],
    [
      16,
      {
        "val_accuracy": 0.6844434267395598
      }
    ],
    [
      17,
      {
        "val_accuracy": 0.8233582949308755
      }
    ],
    [
      18,
      {
        "val_accuracy": 0.8301766242616992
      }
    ],
    [
      19,
      {
        "val_accuracy": 0.8267974636595044
      }
    ],
    [
      20,
      {
        "val_accuracy": 0.7970228638530082
      }
    ],
    [
      21,
      {
        "val_accuracy": 0.8780812090257618
      }
    ],
    [
      22,
      {
        "val_accuracy": 0.7878894018092351
      }
    ],
    [
      23,
      {
        "val_accuracy": 0.7454735489539808
      }
    ],
    [
      24,
      {
        "val_accuracy": 0.7753771525588165
      }
    ],
    [
      25,
      {
        "val_accuracy": 0.7154516647095392
      }
    ],
    [
      26,
      {
        "val_accuracy": 0.7104946993957382
      }
    ],
    [
      27,
      {
        "val_accuracy": 0.8416274244141808
      }
    ],
    [
      28,
      {
        "val_accuracy": 0.6977068271889518
      }
    ],
    [
      29,
      {
        "val_accuracy": 0.8571579402341932
      }
    ],
    [
      30,
      {
        "val_accuracy": 0.8821101087959272
      }
    ],
    [
      31,
      {
        "val_accuracy": 0.7661891941430135
      }
    ],
    [
      32,
      {
        "val_accuracy": 0.738725502932444
      }
    ],
    [
      33,
      {
        "val_accuracy": 0.6656483195901295
      }
    ],
    [
      34,
      {
        "val_accuracy": 0.7453216972643313
      }
    ],
    [
      35,
      {
        "val_accuracy": 0.7004816479984753
      }
    ],
    [
      36,
      {
        "val_accuracy": 0.6847926267281106
      }
    ],
    [
      37,
      {
        "val_accuracy": 0.7790872740293844
      }
    ],
    [
      38,
      {
        "val_accuracy": 0.7327023463663165
      }
    ],
    [
      39,
      {
        "val_accuracy": 0.8436598092118976
      }
    ],
    [
      40,
      {
        "val_accuracy": 0.818884239888424
      }
    ],
    [
      41,
      {
        "val_accuracy": 0.8630386829940799
      }
    ],
    [
      42,
      {
        "val_accuracy": 0.8230534861496015
      }
    ],
    [
      43,
      {
        "val_accuracy": 0.7205580501078261
      }
    ],
    [
      44,
      {
        "val_accuracy": 0.848336991547191
      }
    ],
    [
      45,
      {
        "val_accuracy": 0.6346435293914485
      }
    ],
    [
      46,
      {
        "val_accuracy": 0.7767122767421168
      }
    ],
    [
      47,
      {
        "val_accuracy": 0.7535543577334578
      }
    ],
    [
      48,
      {
        "val_accuracy": 0.8535773567485807
      }
    ],
    [
      49,
      {
        "val_accuracy": 0.8717118109080232
      }
    ],
    [
      50,
      {
        "val_accuracy": 0.7998150842959255
      }
    ]
  ],
  "metrics_distributed_fit": [
    [
      1,
      {
        "train_loss": 0.9470015136349914,
        "train_accuracy": 0.7160460755424591
      }
    ],
    [
      2,
      {
        "train_loss": 0.7047363467170795,
        "train_accuracy": 0.778529724657992
      }
    ],
    [
      3,
      {
        "train_loss": 0.5651492141688901,
        "train_accuracy": 0.8006738903833533
      }
    ],
    [
      4,
      {
        "train_loss": 0.506956379170414,
        "train_accuracy": 0.829964858487703
      }
    ],
    [
      5,
      {
        "train_loss": 0.48046535899703446,
        "train_accuracy": 0.8320695788178233
      }
    ],
    [
      6,
      {
        "train_loss": 0.39259601898716606,
        "train_accuracy": 0.8830887458014507
      }
    ],
    [
      7,
      {
        "train_loss": 0.4784873256459579,
        "train_accuracy": 0.8283820240580103
      }
    ],
    [
      8,
      {
        "train_loss": 0.5132085851712508,
        "train_accuracy": 0.8170726409671994
      }
    ],
    [
      9,
      {
        "train_loss": 0.43884683622103315,
        "train_accuracy": 0.8544313710817072
      }
    ],
    [
      10,
      {
        "train_loss": 0.5139767585916313,
        "train_accuracy": 0.8236981916412405
      }
    ],
    [
      11,
      {
        "train_loss": 0.45228552974366126,