{
  "losses_distributed": [
    [
      1,
      1.427676453458782
    ],
    [
      2,
      0.8846410281535155
    ],
    [
      3,
      0.5362336559968596
    ],
    [
      4,
      0.38656831186604396
    ],
    [
      5,
      0.7394433350705388
    ],
    [
      6,
      0.3704928520291122
    ],
    [
      7,
      0.3954568507239288
    ],
    [
      8,
      0.3868721542096667
    ],
    [
      9,
      0.48703626674764294
    ],
    [
      10,
      0.3813906477284186
    ]
  ],
  "metrics_distributed": [
    [
      1,
      {
        "val_accuracy": 0.5214324354784177
      }
    ],
    [
      2,
      {
        "val_accuracy": 0.6867426631093864
      }
    ],
    [
      3,
      {
        "val_accuracy": 0.7568147161859373
      }
    ],
    [
      4,
      {
        "val_accuracy": 0.8492346080194975
      }
    ],
    [
      5,
      {
        "val_accuracy": 0.707229262672811
      }
    ],
    [
      6,
      {
        "val_accuracy": 0.8722247591339074
      }
    ],
    [
      7,
      {
        "val_accuracy": 0.8607511409003019
      }
    ],
    [
      8,
      {
        "val_accuracy": 0.8178059164648022
      }
    ],
    [
      9,
      {
        "val_accuracy": 0.8210969302154494
      }
    ],
    [
      10,
      {
        "val_accuracy": 0.8574142459288264
      }
    ]
  ],
  "metrics_distributed_fit": [
    [
      1,
      {
        "train_loss": 1.4241107569800482,
        "train_accuracy": 0.5648988136775994
      }
    ],
    [
      2,
      {
        "train_loss": 0.7297837815488283,
        "train_accuracy": 0.7436189017379259
      }
    ],
    [
      3,
      {
        "train_loss": 0.5534448226240486,
        "train_accuracy": 0.8130536464537066
      }
    ],
    [
      4,
      {
        "train_loss": 0.5275727652730924,
        "train_accuracy": 0.815256343161909
      }
    ],
    [
      5,
      {
        "train_loss": 0.40651191926889596,
        "train_accuracy": 0.8758557937691624
      }
    ],
    [
      6,
      {
        "train_loss": 0.46624336319090265,
        "train_accuracy": 0.8434596114302084
      }
    ],
    [
      7,
      {
        "train_loss": 0.4544210985654134,
        "train_accuracy": 0.8495896255205211
      }
    ],
    [
      8,
      {
        "train_loss": 0.5476908332440947,
        "train_accuracy": 0.7991998243331039
      }
    ],
    [
      9,
      {
        "train_loss": 0.5034206511730294,
        "train_accuracy": 0.8233219109878643
      }
    ],
    [
      10,
      {
        "train_loss": 0.45911064113214195,
        "train_accuracy": 0.8490746588678486
      }
    ]
  ]
}