{
  "losses_distributed": [
    [
      1,
      0.5124255463443974
    ],
    [
      2,
      0.6692355045317244
    ],
    [
      3,
      0.5110734867645522
    ],
    [
      4,
      0.666760732814041
    ],
    [
      5,
      0.46684861266201444
    ],
    [
      6,
      0.4806804122835592
    ],
    [
      7,
      0.8214286153477833
    ],
    [
      8,
      0.6786968633431886
    ],
    [
      9,
      0.5944086782715128
    ],
    [
      10,
      0.7403036997868464
    ],
    [
      11,
      0.8316822993127924
    ],
    [
      12,
      0.6369829512031314
    ],
    [
      13,
      0.5832519340822053
    ],
    [
      14,
      0.4494947441820013
    ],
    [
      15,
      0.2859018696017161
    ],
    [
      16,
      0.4017418350057643
    ],
    [
      17,
      0.3346696921916528
    ],
    [
      18,
      0.528998287276393
    ],
    [
      19,
      0.42705711950756575
    ],
    [
      20,
      0.6856012137236174
    ],
    [
      21,
      0.532006525681119
    ],
    [
      22,
      0.4316300525712147
    ],
    [
      23,
      0.5424984897486544
    ],
    [
      24,
      0.4448213116270629
    ],
    [
      25,
      0.4938988343956544
    ],
    [
      26,
      0.351479928679527
    ],
    [
      27,
      0.3907285812327446
    ],
    [
      28,
      0.4887371302498795
    ],
    [
      29,
      0.40335372666168906
    ],
    [
      30,
      0.7930458182398277
    ]
  ],
  "metrics_distributed": [
    [
      1,
      {
        "val_accuracy": 0.737768974046543
      }
    ],
    [
      2,
      {
        "val_accuracy": 0.7381983097414375
      }
    ],
    [
      3,
      {
        "val_accuracy": 0.7734686786651552
      }
    ],
    [
      4,
      {
        "val_accuracy": 0.7162768383071908
      }
    ],
    [
      5,
      {
        "val_accuracy": 0.8237406634233169
      }
    ],
    [
      6,
      {
        "val_accuracy": 0.7802295376946485
      }
    ],
    [
      7,
      {
        "val_accuracy": 0.658173841435711
      }
    ],
    [
      8,
      {
        "val_accuracy": 0.7116688031414292
      }
    ],
    [
      9,
      {
        "val_accuracy": 0.7359416592724046
      }
    ],
    [
      10,
      {
        "val_accuracy": 0.6833751645819619
      }
    ],
    [
      11,
      {
        "val_accuracy": 0.7203259881871876
      }
    ],
    [
      12,
      {
        "val_accuracy": 0.7364469316810238
      }
    ],
    [
      13,
      {
        "val_accuracy": 0.7541995658433436
      }
    ],
    [
      14,
      {
        "val_accuracy": 0.8197729202037352
      }
    ],
    [
      15,
      {
        "val_accuracy": 0.899894333237633
      }
    ],
    [
      16,
      {
        "val_accuracy": 0.8274716293840191
      }
    ],
    [
      17,
      {
        "val_accuracy": 0.8933091140679463
      }
    ],
    [
      18,
      {
        "val_accuracy": 0.7739278412409945
      }
    ],
    [
      19,
      {
        "val_accuracy": 0.8519997249887049
      }
    ],
    [
      20,
      {
        "val_accuracy": 0.7227490569647611
      }
    ],
    [
      21,
      {
        "val_accuracy": 0.7799185855969317
      }
    ],
    [
      22,
      {
        "val_accuracy": 0.8423696337618239
      }
    ],
    [
      23,
      {
        "val_accuracy": 0.7595206763574656
      }
    ],
    [
      24,
      {
        "val_accuracy": 0.8434040747028863
      }
    ],
    [
      25,
      {
        "val_accuracy": 0.8000790923993366
      }
    ],
    [
      26,
      {
        "val_accuracy": 0.8654806717006649
      }
    ],
    [
      27,
      {
        "val_accuracy": 0.8617265428594599
      }
    ],
    [
      28,
      {
        "val_accuracy": 0.8287767234234276
      }
    ],
    [
      29,
      {
        "val_accuracy": 0.851113520229125
      }
    ],
    [
      30,
      {
        "val_accuracy": 0.6711480665197356
      }
    ]
  ],
  "metrics_distributed_fit": [
    [
      1,
      {
        "train_loss": 0.8340465029690163,
        "train_accuracy": 0.7628587940666538
      }
    ],
    [
      2,
      {
        "train_loss": 0.6044220911306302,
        "train_accuracy": 0.7943932197323055
      }
    ],
    [
      3,
      {
        "train_loss": 0.5116829852986835,
        "train_accuracy": 0.8172455637491014
      }
    ],
    [
      4,
      {
        "train_loss": 0.3946823741946664,
        "train_accuracy": 0.8641069228081119
      }
    ],
    [
      5,
      {
        "train_loss": 0.4443890189517994,
        "train_accuracy": 0.8599975710960374
      }
    ],
    [
      6,
      {
        "train_loss": 0.37243887833389344,
        "train_accuracy": 0.8915868458153074
      }
    ],
    [
      7,
      {
        "train_loss": 0.45337768215995716,
        "train_accuracy": 0.8498004238920491
      }
    ],
    [
      8,
      {
        "train_loss": 0.3717880478664459,
        "train_accuracy": 0.8838124597416
      }
    ],
    [
      9,
      {
        "train_loss": 0.4625771970824102,
        "train_accuracy": 0.8466035827072161
      }
    ],
    [
      10,
      {
        "train_loss": 0.47180431922780147,
        "train_accuracy": 0.8317297194658452
      }
    ],
    [
      11,
      {
        "train_loss": 0.3962534643706466,
        "train_accuracy": 0.8801081662590459
      }
    ],
    [
      12,
      {
        "train_loss": 0.49174378353063614,
        "train_accuracy": 0.8366808795046893
      }
    ],
    [
      13,
      {
        "train_loss": 0.5377652043261052,
        "train_accuracy": 0.8229878605151225
      }
    ],
    [
      14,
      {
        "train_loss": 0.5240072516109072,
        "train_accuracy": 0.8353903248866827
      }
    ],
    [
      15,
      {
        "train_loss": 0.4463592546095292,
        "train_accuracy": 0.8639225123908029
      }
    ],
    [
      16,
      {
        "train_loss": 0.47379488339288794,
        "train_accuracy": 0.8452288192544449
      }
    ],
    [
      17,
      {
        "train_loss": 0.41767889637855965,
        "train_accuracy": 0.8768126148383274
      }
    ],
    [
      18,
      {
        "train_loss": 0.49134574015763127,
        "train_accuracy": 0.8466084723306383
      }
    ],
    [
      19,
      {
        "train_loss": 0.5214479169623908,
        "train_accuracy": 0.8211744558544631
      }
    ],
    [
      20,
      {
        "train_loss": 0.48304796740781947,
        "train_accuracy": 0.8403669906505797
      }
    ],
    [
      21,
      {
        "train_loss": 0.5420574173062189,
        "train_accuracy": 0.817518973601372
      }
    ],
    [
      22,
      {
        "train_loss": 0.5009454435362896,
        "train_accuracy": 0.8339965399095863
      }
    ],
    [
      23,
      {
        "train_loss": 0.4324011638892094,
        "train_accuracy": 0.8733069258421747
      }
    ],
    [
      24,
      {
        "train_loss": 0.48680095776689153,
        "train_accuracy": 0.8571455102391082
      }
    ],
    [
      25,
      {
        "train_loss": 0.513254542583964,
        "train_accuracy": 0.8362331174099221
      }
    ],
    [
      26,
      {
        "train_loss": 0.5158771470757912,
        "train_accuracy": 0.8372386267620837
      }
    ],
    [
      27,
      {
        "train_loss": 0.5092204545337359,
        "train_accuracy": 0.8449417592780663
      }
    ],
    [
      28,
      {
        "train_loss": 0.538619527289182,
        "train_accuracy": 0.8254424781931723
      }
    ],
    [
      29,
      {
        "train_loss": 0.6000994467494324,
        "train_accuracy": 0.7944002963418391
      }
    ],
    [
      30,
      {
        "train_loss": 0.5525769048234684,
        "train_accuracy": 0.8097480997050481
      }
    ]
  ]
}