{
  "losses_distributed": [
    [
      1,
      2.3100753883186282
    ],
    [
      2,
      0.7076197328883181
    ],
    [
      3,
      0.5179455150717636
    ],
    [
      4,
      0.43486592214641356
    ],
    [
      5,
      0.44522476023383273
    ],
    [
      6,
      0.3980370494135544
    ],
    [
      7,
      0.3940417022063747
    ],
    [
      8,
      0.39367273547111664
    ],
    [
      9,
      0.3741180833410807
    ],
    [
      10,
      0.4103751291358282
    ],
    [
      11,
      0.3963499141189969
    ],
    [
      12,
      0.38905062705996524
    ],
    [
      13,
      0.4476279524591683
    ],
    [
      14,
      0.42625264205888613
    ],
    [
      15,
      0.45928737116408375
    ],
    [
      16,
      0.3881643954968397
    ],
    [
      17,
      0.42818266438531216
    ],
    [
      18,
      0.3816518671939898
    ],
    [
      19,
      0.4165590975612363
    ],
    [
      20,
      0.4247430240814115
    ],
    [
      21,
      0.4075392178868864
    ],
    [
      22,
      0.39965942651188785
    ],
    [
      23,
      0.39536097206902593
    ],
    [
      24,
      0.40919659043606765
    ],
    [
      25,
      0.3955069983627507
    ],
    [
      26,
      0.3683406094877266
    ],
    [
      27,
      0.4270753124371846
    ],
    [
      28,
      0.36118073355393104
    ],
    [
      29,
      0.4208508066837728
    ],
    [
      30,
      0.38113779984651275
    ],
    [
      31,
      0.380826736477325
    ],
    [
      32,
      0.40652041771548414
    ],
    [
      33,
      0.44420984076086883
    ],
    [
      34,
      0.4385762845205159
    ],
    [
      35,
      0.4004806207302336
    ],
    [
      36,
      0.39721760359344443
    ],
    [
      37,
      0.42551383585227176
    ],
    [
      38,
      0.42774125471249985
    ],
    [
      39,
      0.4194801660805928
    ],
    [
      40,
      0.40595550994978985
    ],
    [
      41,
      0.4052590060773446
    ],
    [
      42,
      0.3988600915503983
    ],
    [
      43,
      0.43111885875966477
    ],
    [
      44,
      0.42853217440269215
    ],
    [
      45,
      0.42911221727858473
    ],
    [
      46,
      0.4065008113185326
    ],
    [
      47,
      0.4017272207774962
    ],
    [
      48,
      0.42820431971634937
    ],
    [
      49,
      0.44612676515793664
    ],
    [
      50,
      0.3967752305619032
    ]
  ],
  "metrics_distributed": [
    [
      1,
      {
        "val_accuracy": 0.11612730770589484
      }
    ],
    [
      2,
      {
        "val_accuracy": 0.5819903816818483
      }
    ],
    [
      3,
      {
        "val_accuracy": 0.6928936666981156
      }
    ],
    [
      4,
      {
        "val_accuracy": 0.5092819827537329
      }
    ],
    [
      5,
      {
        "val_accuracy": 0.463199338640798
      }
    ],
    [
      6,
      {
        "val_accuracy": 0.5536699299185417
      }
    ],
    [
      7,
      {
        "val_accuracy": 0.5584247782269172
      }
    ],
    [
      8,
      {
        "val_accuracy": 0.5600367368332598
      }
    ],
    [
      9,
      {
        "val_accuracy": 0.6678720696184381
      }
    ],
    [
      10,
      {
        "val_accuracy": 0.6488984728716393
      }
    ],
    [
      11,
      {
        "val_accuracy": 0.7586628498712512
      }
    ],
    [
      12,
      {
        "val_accuracy": 0.8579646034149786
      }
    ],
    [
      13,
      {
        "val_accuracy": 0.7506363207813097
      }
    ],
    [
      14,
      {
        "val_accuracy": 0.752571297755422
      }
    ],
    [
      15,
      {
        "val_accuracy": 0.7444830701088007
      }
    ],
    [
      16,
      {
        "val_accuracy": 0.7548891981999932
      }
    ],
    [
      17,
      {
        "val_accuracy": 0.7520250914108607
      }
    ],
    [
      18,
      {
        "val_accuracy": 0.6375392521069771
      }
    ],
    [
      19,
      {
        "val_accuracy": 0.6451260670238796
      }
    ],
    [
      20,
      {
        "val_accuracy": 0.8499222455640804
      }
    ],
    [
      21,
      {
        "val_accuracy": 0.6595453767567474
      }
    ],
    [
      22,
      {
        "val_accuracy": 0.8530619236486983
      }
    ],
    [
      23,
      {
        "val_accuracy": 0.66367631420054
      }
    ],
    [
      24,
      {
        "val_accuracy": 0.651516267141391
      }
    ],
    [
      25,
      {
        "val_accuracy": 0.8668640355726305
      }
    ],
    [
      26,
      {
        "val_accuracy": 0.6745729470833838
      }
    ],
    [
      27,
      {
        "val_accuracy": 0.7508068211282553
      }
    ],
    [
      28,
      {
        "val_accuracy": 0.6806060853025892
      }
    ],
    [
      29,
      {
        "val_accuracy": 0.8513741602685769
      }
    ],
    [
      30,
      {
        "val_accuracy": 0.6574174830094197
      }
    ],
    [
      31,
      {
        "val_accuracy": 0.7670509930651793
      }
    ],
    [
      32,
      {
        "val_accuracy": 0.8635557280076055
      }
    ],
    [
      33,
      {
        "val_accuracy": 0.7436271828456192
      }
    ],
    [
      34,
      {
        "val_accuracy": 0.8484749222025255
      }
    ],
    [
      35,
      {
        "val_accuracy": 0.6592035387486459
      }
    ],
    [
      36,
      {
        "val_accuracy": 0.659780696717671
      }
    ],
    [
      37,
      {
        "val_accuracy": 0.8403721051277172
      }
    ],
    [
      38,
      {
        "val_accuracy": 0.6470151390328285
      }
    ],
    [
      39,
      {
        "val_accuracy": 0.7676728342412275
      }
    ],
    [
      40,
      {
        "val_accuracy": 0.746674504910344
      }
    ],
    [
      41,
      {
        "val_accuracy": 0.7667953139770516
      }
    ],
    [
      42,
      {
        "val_accuracy": 0.7298909453116668
      }
    ],
    [
      43,
      {
        "val_accuracy": 0.8445217149800891
      }
    ],
    [
      44,
      {
        "val_accuracy": 0.8475428553314208
      }
    ],
    [
      45,
      {
        "val_accuracy": 0.8131196009302404
      }
    ],
    [
      46,
      {
        "val_accuracy": 0.7345964666107656
      }
    ],
    [
      47,
      {
        "val_accuracy": 0.6590834738884625
      }
    ],
    [
      48,
      {
        "val_accuracy": 0.7222158325878995
      }
    ],
    [
      49,
      {
        "val_accuracy": 0.7628041429396113
      }
    ],
    [
      50,
      {
        "val_accuracy": 0.7815339432536404
      }
    ]
  ],
  "metrics_distributed_fit": [
    [
      1,
      {
        "train_loss": 1.1675195959888742,
        "train_accuracy": 0.5946723598345494
      }
    ],
    [
      2,
      {
        "train_loss": 0.8039724557616921,
        "train_accuracy": 0.7126477396468172
      }
    ],
    [
      3,
      {
        "train_loss": 0.6415698046943502,
        "train_accuracy": 0.7686739599773691
      }
    ],
    [
      4,
      {
        "train_loss": 0.6132173823860583,
        "train_accuracy": 0.7737872947438781
      }
    ],
    [
      5,
      {
        "train_loss": 0.5729887335829187,
        "train_accuracy": 0.7930580077147875
      }
    ],
    [
      6,
      {
        "train_loss": 0.5403284758177838,
        "train_accuracy": 0.8095978571981648
      }
    ],
    [
      7,
      {
        "train_loss": 0.5150009439932982,
        "train_accuracy": 0.8207047740735071
      }
    ],
    [
      8,
      {
        "train_loss": 0.50345557495288,
        "train_accuracy": 0.822847782555065
      }
    ],
    [
      9,
      {
        "train_loss": 0.5231469014998806,
        "train_accuracy": 0.8218322352067945
      }
    ],
    [
      10,
      {
        "train_loss": 0.5325426473924473,
        "train_accuracy": 0.8182739626433928
      }
    ],
    [
      11,
      {
        "train_loss": 0.5306404116560608,