{
  "losses_distributed": [
    [
      1,
      1.0341513807596598
    ],
    [
      2,
      0.49408611532394175
    ],
    [
      3,
      0.9396380340611493
    ],
    [
      4,
      0.47243209746535014
    ],
    [
      5,
      0.5865095502826797
    ],
    [
      6,
      0.44560425707849405
    ],
    [
      7,
      0.7596667967926594
    ],
    [
      8,
      0.32901715363245104
    ],
    [
      9,
      0.7135314797810429
    ],
    [
      10,
      0.48351610276650653
    ],
    [
      11,
      0.38975152337989144
    ],
    [
      12,
      0.3861814232359082
    ],
    [
      13,
      0.5673268149567597
    ],
    [
      14,
      0.5083424060413635
    ],
    [
      15,
      0.4111158677468538
    ],
    [
      16,
      0.3796390269574746
    ],
    [
      17,
      0.48331877533883644
    ],
    [
      18,
      0.8619956512035504
    ],
    [
      19,
      0.6387594115278623
    ],
    [
      20,
      0.8359245444411663
    ],
    [
      21,
      0.37090836043121933
    ],
    [
      22,
      0.4751197257349568
    ],
    [
      23,
      0.4570888097620897
    ],
    [
      24,
      0.5083848238741706
    ],
    [
      25,
      0.6408102098510775
    ],
    [
      26,
      0.46725159169401403
    ],
    [
      27,
      0.44478605068418187
    ],
    [
      28,
      0.4256236839785901
    ],
    [
      29,
      0.7291876290665942
    ],
    [
      30,
      0.4225122033372221
    ]
  ],
  "metrics_distributed": [
    [
      1,
      {
        "val_accuracy": 0.65737067572941
      }
    ],
    [
      2,
      {
        "val_accuracy": 0.822075141132957
      }
    ],
    [
      3,
      {
        "val_accuracy": 0.5634866218316497
      }
    ],
    [
      4,
      {
        "val_accuracy": 0.8318068650240757
      }
    ],
    [
      5,
      {
        "val_accuracy": 0.717355671504224
      }
    ],
    [
      6,
      {
        "val_accuracy": 0.807940393186018
      }
    ],
    [
      7,
      {
        "val_accuracy": 0.6087126018915031
      }
    ],
    [
      8,
      {
        "val_accuracy": 0.8723663900655718
      }
    ],
    [
      9,
      {
        "val_accuracy": 0.7078285815431373
      }
    ],
    [
      10,
      {
        "val_accuracy": 0.826808533733311
      }
    ],
    [
      11,
      {
        "val_accuracy": 0.8257751195951526
      }
    ],
    [
      12,
      {
        "val_accuracy": 0.8591544457071913
      }
    ],
    [
      13,
      {
        "val_accuracy": 0.7546579546260419
      }
    ],
    [
      14,
      {
        "val_accuracy": 0.8469781155615144
      }
    ],
    [
      15,
      {
        "val_accuracy": 0.8543289208430789
      }
    ],
    [
      16,
      {
        "val_accuracy": 0.8550677155137458
      }
    ],
    [
      17,
      {
        "val_accuracy": 0.8464419000521283
      }
    ],
    [
      18,
      {
        "val_accuracy": 0.7101387422413878
      }
    ],
    [
      19,
      {
        "val_accuracy": 0.7427364437946273
      }
    ],
    [
      20,
      {
        "val_accuracy": 0.6273473502304148
      }
    ],
    [
      21,
      {
        "val_accuracy": 0.8750220714335244
      }
    ],
    [
      22,
      {
        "val_accuracy": 0.8117670571397257
      }
    ],
    [
      23,
      {
        "val_accuracy": 0.8287653233502166
      }
    ],
    [
      24,
      {
        "val_accuracy": 0.8226488110031029
      }
    ],
    [
      25,
      {
        "val_accuracy": 0.7093372558278245
      }
    ],
    [
      26,
      {
        "val_accuracy": 0.806128700375194
      }
    ],
    [
      27,
      {
        "val_accuracy": 0.8063743687093217
      }
    ],
    [
      28,
      {
        "val_accuracy": 0.8312916975537435
      }
    ],
    [
      29,
      {
        "val_accuracy": 0.6964864998925282
      }
    ],
    [
      30,
      {
        "val_accuracy": 0.8276411268931094
      }
    ]
  ],
  "metrics_distributed_fit": [
    [
      1,
      {
        "train_loss": 1.3578994217164375,
        "train_accuracy": 0.5783771323190411
      }
    ],
    [
      2,
      {
        "train_loss": 0.6257210051211283,
        "train_accuracy": 0.7948879587185217
      }
    ],
    [
      3,
      {
        "train_loss": 0.46206786015642437,
        "train_accuracy": 0.8497814248122776
      }
    ],
    [
      4,
      {
        "train_loss": 0.5735558272479047,
        "train_accuracy": 0.7961625995170452
      }
    ],
    [
      5,
      {
        "train_loss": 0.4814132953742755,
        "train_accuracy": 0.839365152133628
      }
    ],
    [
      6,
      {
        "train_loss": 0.38114365103893766,
        "train_accuracy": 0.8701094563660391
      }
    ],
    [
      7,
      {
        "train_loss": 0.37355565155047055,
        "train_accuracy": 0.8826483508313222
      }
    ],
    [
      8,
      {
        "train_loss": 0.4140028597409275,
        "train_accuracy": 0.8672622914265989
      }
    ],
    [
      9,
      {
        "train_loss": 0.5263503101260957,
        "train_accuracy": 0.8172184210427275
      }
    ],
    [
      10,
      {
        "train_loss": 0.43722560427518364,
        "train_accuracy": 0.8586463258225244
      }
    ],
    [
      11,
      {
        "train_loss": 0.45624649777002757,
        "train_accuracy": 0.8577940488802565
      }
    ],
    [
      12,
      {
        "train_loss": 0.46835920577499746,
        "train_accuracy": 0.8428702474880679
      }
    ],
    [
      13,
      {
        "train_loss": 0.39358584721881296,
        "train_accuracy": 0.87126157038953
      }
    ],
    [
      14,
      {
        "train_loss": 0.48506888597872083,
        "train_accuracy": 0.8374817292998591
      }
    ],
    [
      15,
      {
        "train_loss": 0.38909312658041895,
        "train_accuracy": 0.8785011393661811
      }
    ],
    [
      16,
      {
        "train_loss": 0.39249955812576137,
        "train_accuracy": 0.8806485021236221
      }
    ],
    [
      17,
      {
        "train_loss": 0.5502243916879362,
        "train_accuracy": 0.8066008112814661
      }
    ],
    [
      18,
      {
        "train_loss": 0.5051450182129846,
        "train_accuracy": 0.8249869173782631
      }
    ],
    [
      19,
      {
        "train_loss": 0.5657262814403166,
        "train_accuracy": 0.8147533882850647
      }
    ],
    [
      20,
      {
        "train_loss": 0.4256397014647175,
        "train_accuracy": 0.869457483477377
      }
    ],
    [
      21,
      {
        "train_loss": 0.4314144957615322,
        "train_accuracy": 0.8663044231572347
      }
    ],
    [
      22,
      {
        "train_loss": 0.5995521952340412,
        "train_accuracy": 0.7956002101600489
      }
    ],
    [
      23,
      {
        "train_loss": 0.4468017304199292,
        "train_accuracy": 0.8669979992440996
      }
    ],
    [
      24,
      {
        "train_loss": 0.5092648928635414,
        "train_accuracy": 0.8497961446999295
      }
    ],
    [
      25,
      {
        "train_loss": 0.525625642499311,
        "train_accuracy": 0.8356197321174671
      }
    ],
    [
      26,
      {
        "train_loss": 0.43124156625995075,
        "train_accuracy": 0.8764141775502755
      }
    ],
    [
      27,
      {
        "train_loss": 0.531985673813454,
        "train_accuracy": 0.8338924679498344
      }
    ],
    [
      28,
      {
        "train_loss": 0.57299188139044,
        "train_accuracy": 0.8103607299700802
      }
    ],
    [
      29,
      {
        "train_loss": 0.5347864392212888,
        "train_accuracy": 0.8187020467209306
      }
    ],
    [
      30,
      {
        "train_loss": 0.5775252566713539,
        "train_accuracy": 0.8121091202841969
      }
    ]
  ]
}