{
  "losses_distributed": [
    [
      1,
      11.909546004773116
    ],
    [
      2,
      2.38625026377937
    ],
    [
      3,
      2.451036124183728
    ],
    [
      4,
      1.0813261540652497
    ],
    [
      5,
      3.849415589105054
    ],
    [
      6,
      2.850957782359063
    ],
    [
      7,
      0.9645729033986508
    ],
    [
      8,
      0.4349196235831208
    ],
    [
      9,
      2.2683968948553326
    ],
    [
      10,
      2.507204224722726
    ],
    [
      11,
      0.8391599134720912
    ],
    [
      12,
      3.4972676422233295
    ],
    [
      13,
      2.3352834405605143
    ],
    [
      14,
      0.5456342294342539
    ],
    [
      15,
      0.6343584345479317
    ],
    [
      16,
      2.4209370654530455
    ],
    [
      17,
      0.5666397115562671
    ],
    [
      18,
      0.506679434319284
    ],
    [
      19,
      1.3889168648631216
    ],
    [
      20,
      0.807006865975629
    ],
    [
      21,
      0.5313635893142261
    ],
    [
      22,
      0.3592260812709106
    ],
    [
      23,
      0.8259637629117739
    ],
    [
      24,
      1.8615432681165975
    ],
    [
      25,
      0.5936658654894148
    ],
    [
      26,
      13.627645877955722
    ],
    [
      27,
      1.9814662383644575
    ],
    [
      28,
      0.24849319295090003
    ],
    [
      29,
      0.9627884044109936
    ],
    [
      30,
      1.9876797062227096
    ]
  ],
  "metrics_distributed": [
    [
      1,
      {
        "val_accuracy": 0.0
      }
    ],
    [
      2,
      {
        "val_accuracy": 0.0845221816203959
      }
    ],
    [
      3,
      {
        "val_accuracy": 0.4036458333333333
      }
    ],
    [
      4,
      {
        "val_accuracy": 0.7202614379084967
      }
    ],
    [
      5,
      {
        "val_accuracy": 0.27806754802726713
      }
    ],
    [
      6,
      {
        "val_accuracy": 0.5678368205273203
      }
    ],
    [
      7,
      {
        "val_accuracy": 0.67206403838131
      }
    ],
    [
      8,
      {
        "val_accuracy": 0.8990212262865984
      }
    ],
    [
      9,
      {
        "val_accuracy": 0.5224303444368169
      }
    ],
    [
      10,
      {
        "val_accuracy": 0.3514866504854369
      }
    ],
    [
      11,
      {
        "val_accuracy": 0.7703904492936557
      }
    ],
    [
      12,
      {
        "val_accuracy": 0.26861702127659576
      }
    ],
    [
      13,
      {
        "val_accuracy": 0.4620089786756454
      }
    ],
    [
      14,
      {
        "val_accuracy": 0.8546079704481933
      }
    ],
    [
      15,
      {
        "val_accuracy": 0.594640522875817
      }
    ],
    [
      16,
      {
        "val_accuracy": 0.4290046573768854
      }
    ],
    [
      17,
      {
        "val_accuracy": 0.8181510338627509
      }
    ],
    [
      18,
      {
        "val_accuracy": 0.7945822951273532
      }
    ],
    [
      19,
      {
        "val_accuracy": 0.5747962033699179
      }
    ],
    [
      20,
      {
        "val_accuracy": 0.6944444444444444
      }
    ],
    [
      21,
      {
        "val_accuracy": 0.4683680555555556
      }
    ],
    [
      22,
      {
        "val_accuracy": 0.4882154882154882
      }
    ],
    [
      23,
      {
        "val_accuracy": 0.6164379376860212
      }
    ],
    [
      24,
      {
        "val_accuracy": 0.6253356744474282
      }
    ],
    [
      25,
      {
        "val_accuracy": 0.8117499325782093
      }
    ],
    [
      26,
      {
        "val_accuracy": 0.12668056713928275
      }
    ],
    [
      27,
      {
        "val_accuracy": 0.36501303525286083
      }
    ],
    [
      28,
      {
        "val_accuracy": 0.9128829826504246
      }
    ],
    [
      29,
      {
        "val_accuracy": 0.6261200016217218
      }
    ],
    [
      30,
      {
        "val_accuracy": 0.3083420737189092
      }
    ]
  ],
  "metrics_distributed_fit": [
    [
      1,
      {
        "train_loss": 0.7743662444554259,
        "train_accuracy": 0.825
      }
    ],
    [
      2,
      {
        "train_loss": 0.6466444759209573,
        "train_accuracy": 0.7899012696912974
      }
    ],
    [
      3,
      {
        "train_loss": 0.9350358483030475,
        "train_accuracy": 0.8596767255977782
      }
    ],
    [
      4,
      {
        "train_loss": 0.2541866175970877,
        "train_accuracy": 0.9434039272341882
      }
    ],
    [
      5,
      {
        "train_loss": 0.40280852434793624,
        "train_accuracy": 0.8747580209351903
      }
    ],
    [
      6,
      {
        "train_loss": 0.39063253243313634,
        "train_accuracy": 0.875673661815031
      }
    ],
    [
      7,
      {
        "train_loss": 0.2793410563604359,
        "train_accuracy": 0.9227184147944296
      }
    ],
    [
      8,
      {
        "train_loss": 0.3045542988966646,
        "train_accuracy": 0.9142542728125322
      }
    ],
    [
      9,
      {
        "train_loss": 0.997888135957861,
        "train_accuracy": 0.6813851843589062
      }
    ],
    [
      10,
      {
        "train_loss": 0.42338552722182915,
        "train_accuracy": 0.8687294584714005
      }
    ],
    [
      11,
      {
        "train_loss": 0.30873269364217654,
        "train_accuracy": 0.9276304232015887
      }
    ],
    [
      12,
      {
        "train_loss": 0.6562604897654519,
        "train_accuracy": 0.73700152351678
      }
    ],
    [
      13,
      {
        "train_loss": 0.30956062607612145,
        "train_accuracy": 0.9118461134926177
      }
    ],
    [
      14,
      {
        "train_loss": 0.3798013507403124,
        "train_accuracy": 0.8830756241584933
      }
    ],
    [
      15,
      {
        "train_loss": 0.38498148939513155,
        "train_accuracy": 0.8941676995706892
      }
    ],
    [
      16,
      {
        "train_loss": 0.2572427388796393,
        "train_accuracy": 0.9332107986450494
      }
    ],
    [
      17,
      {
        "train_loss": 0.46306782783706196,
        "train_accuracy": 0.861068939987339
      }
    ],
    [
      18,
      {
        "train_loss": 0.29477617622732594,
        "train_accuracy": 0.9132368742751279
      }
    ],
    [
      19,
      {
        "train_loss": 0.2739279499653967,
        "train_accuracy": 0.9196138430194535
      }
    ],
    [
      20,
      {
        "train_loss": 0.2359192912961763,
        "train_accuracy": 0.9418343455116366
      }
    ],
    [
      21,
      {
        "train_loss": 0.30219408885437266,
        "train_accuracy": 0.9234397152188564
      }
    ],
    [
      22,
      {
        "train_loss": 0.2981641393306095,
        "train_accuracy": 0.9191511539797858
      }
    ],
    [
      23,
      {
        "train_loss": 0.3735091376054472,
        "train_accuracy": 0.8826051679075247
      }
    ],
    [
      24,
      {
        "train_loss": 0.45033987520886204,
        "train_accuracy": 0.8489608664395732
      }
    ],
    [
      25,
      {
        "train_loss": 0.43386368746016796,
        "train_accuracy": 0.8831966041174795
      }
    ],
    [
      26,
      {
        "train_loss": 0.4862826812391547,
        "train_accuracy": 0.8526667131478457
      }
    ],
    [
      27,
      {
        "train_loss": 0.7771779811292915,
        "train_accuracy": 0.7396023265063295
      }
    ],
    [
      28,
      {
        "train_loss": 0.3491103975320096,
        "train_accuracy": 0.8951181250027879
      }
    ],
    [
      29,
      {
        "train_loss": 0.5496806823710334,
        "train_accuracy": 0.8611341437479568
      }
    ],
    [
      30,
      {
        "train_loss": 0.17092382235355616,
        "train_accuracy": 0.9578679720935762
      }
    ]
  ]
}