{
  "losses_distributed": [
    [
      1,
      0.6210018901042269
    ],
    [
      2,
      0.5656868460650402
    ],
    [
      3,
      0.5091743918084605
    ],
    [
      4,
      0.5177402363940365
    ],
    [
      5,
      0.3556563486332334
    ],
    [
      6,
      0.41726707644658545
    ],
    [
      7,
      0.3695627027087741
    ],
    [
      8,
      0.39586855210657196
    ],
    [
      9,
      0.45944251091928884
    ],
    [
      10,
      0.43232760502756545
    ],
    [
      11,
      0.46229495003806587
    ],
    [
      12,
      0.44140271237417644
    ],
    [
      13,
      0.45974205033781207
    ],
    [
      14,
      0.423323624843894
    ],
    [
      15,
      0.37764790082631045
    ],
    [
      16,
      0.41995778297636427
    ],
    [
      17,
      0.408346498608347
    ],
    [
      18,
      0.4403545566248994
    ],
    [
      19,
      0.4293382391969347
    ],
    [
      20,
      0.4618915812008911
    ],
    [
      21,
      0.39584849380953296
    ],
    [
      22,
      0.44292402335747355
    ],
    [
      23,
      0.539339260433431
    ],
    [
      24,
      0.3964796943022539
    ],
    [
      25,
      0.4121580471328287
    ],
    [
      26,
      0.41125499955408135
    ],
    [
      27,
      0.36351531125881054
    ],
    [
      28,
      0.4205384188298728
    ],
    [
      29,
      0.5068523623542208
    ],
    [
      30,
      0.4495654105299451
    ]
  ],
  "metrics_distributed": [
    [
      1,
      {
        "val_accuracy": 0.7362035596715263
      }
    ],
    [
      2,
      {
        "val_accuracy": 0.7815064891761567
      }
    ],
    [
      3,
      {
        "val_accuracy": 0.8021780123233808
      }
    ],
    [
      4,
      {
        "val_accuracy": 0.8169223459136573
      }
    ],
    [
      5,
      {
        "val_accuracy": 0.8745716560870123
      }
    ],
    [
      6,
      {
        "val_accuracy": 0.8538810726310726
      }
    ],
    [
      7,
      {
        "val_accuracy": 0.867594142958922
      }
    ],
    [
      8,
      {
        "val_accuracy": 0.8481854182764651
      }
    ],
    [
      9,
      {
        "val_accuracy": 0.8358874948469266
      }
    ],
    [
      10,
      {
        "val_accuracy": 0.8456584262194499
      }
    ],
    [
      11,
      {
        "val_accuracy": 0.8289890487826952
      }
    ],
    [
      12,
      {
        "val_accuracy": 0.8341762989932665
      }
    ],
    [
      13,
      {
        "val_accuracy": 0.8345332910972336
      }
    ],
    [
      14,
      {
        "val_accuracy": 0.8338266016713092
      }
    ],
    [
      15,
      {
        "val_accuracy": 0.8614675668247097
      }
    ],
    [
      16,
      {
        "val_accuracy": 0.8469158277220918
      }
    ],
    [
      17,
      {
        "val_accuracy": 0.8489938056847421
      }
    ],
    [
      18,
      {
        "val_accuracy": 0.8421202040490265
      }
    ],
    [
      19,
      {
        "val_accuracy": 0.8459796728689524
      }
    ],
    [
      20,
      {
        "val_accuracy": 0.81703697421981
      }
    ],
    [
      21,
      {
        "val_accuracy": 0.8586799356906469
      }
    ],
    [
      22,
      {
        "val_accuracy": 0.8375325737834071
      }
    ],
    [
      23,
      {
        "val_accuracy": 0.8016432469750805
      }
    ],
    [
      24,
      {
        "val_accuracy": 0.8549210770659239
      }
    ],
    [
      25,
      {
        "val_accuracy": 0.8371096574611034
      }
    ],
    [
      26,
      {
        "val_accuracy": 0.8565723950014094
      }
    ],
    [
      27,
      {
        "val_accuracy": 0.8801123093527725
      }
    ],
    [
      28,
      {
        "val_accuracy": 0.8446651167211341
      }
    ],
    [
      29,
      {
        "val_accuracy": 0.8005411162577916
      }
    ],
    [
      30,
      {
        "val_accuracy": 0.8480487364812515
      }
    ]
  ],
  "metrics_distributed_fit": [
    [
      1,
      {
        "train_loss": 1.3024428600882307,
        "train_accuracy": 0.5278903686546998
      }
    ],
    [
      2,
      {
        "train_loss": 0.7511715670971539,
        "train_accuracy": 0.7290179894280087
      }
    ],
    [
      3,
      {
        "train_loss": 0.7046420925945168,
        "train_accuracy": 0.7493605193250615
      }
    ],
    [
      4,
      {
        "train_loss": 0.6000918538638881,
        "train_accuracy": 0.7862793568295868
      }
    ],
    [
      5,
      {
        "train_loss": 0.5229703903348292,
        "train_accuracy": 0.8194793101554029
      }
    ],
    [
      6,
      {
        "train_loss": 0.587461809803956,
        "train_accuracy": 0.796186363301906
      }
    ],
    [
      7,
      {
        "train_loss": 0.5405616659424148,
        "train_accuracy": 0.8089019586123012
      }
    ],
    [
      8,
      {
        "train_loss": 0.5729876476340837,
        "train_accuracy": 0.8021018880263489
      }
    ],
    [
      9,
      {
        "train_loss": 0.5229109238275308,
        "train_accuracy": 0.822901267943255
      }
    ],
    [
      10,
      {
        "train_loss": 0.5673707607060395,
        "train_accuracy": 0.8082592514328617
      }
    ],
    [
      11,
      {
        "train_loss": 0.4802686825954748,
        "train_accuracy": 0.8393739008795142
      }
    ],
    [
      12,
      {
        "train_loss": 0.562964435021983,
        "train_accuracy": 0.809487864128862
      }
    ],
    [
      13,
      {
        "train_loss": 0.5260559496264542,
        "train_accuracy": 0.8217418251655696
      }
    ],
    [
      14,
      {
        "train_loss": 0.4661595844742587,
        "train_accuracy": 0.8522505049897232
      }
    ],
    [
      15,
      {
        "train_loss": 0.5630495292285137,
        "train_accuracy": 0.819609047734648
      }
    ],
    [
      16,
      {
        "train_loss": 0.5015740498365048,
        "train_accuracy": 0.8378055863235861
      }
    ],
    [
      17,
      {
        "train_loss": 0.5889410377249327,
        "train_accuracy": 0.79797234515099
      }
    ],
    [
      18,
      {
        "train_loss": 0.6194879530886506,
        "train_accuracy": 0.7945300215724624
      }
    ],
    [
      19,
      {
        "train_loss": 0.6170979082997093,
        "train_accuracy": 0.790771038199511
      }
    ],
    [
      20,
      {
        "train_loss": 0.6036782474846132,
        "train_accuracy": 0.8030615268411491
      }
    ],
    [
      21,
      {
        "train_loss": 0.5481066623437045,
        "train_accuracy": 0.8200029359462513
      }
    ],
    [
      22,
      {
        "train_loss": 0.5476202972528221,
        "train_accuracy": 0.8210349213385397
      }
    ],
    [
      23,
      {
        "train_loss": 0.5708876317555097,
        "train_accuracy": 0.8242299926989688
      }
    ],
    [
      24,
      {
        "train_loss": 0.53342657012906,
        "train_accuracy": 0.8355475293277665
      }
    ],
    [
      25,
      {
        "train_loss": 0.6460963686886382,
        "train_accuracy": 0.7894806361782615
      }
    ],
    [
      26,
      {
        "train_loss": 0.5804731976466945,
        "train_accuracy": 0.8090259296674248
      }
    ],
    [
      27,
      {
        "train_loss": 0.576239978173177,
        "train_accuracy": 0.8134287308509394
      }
    ],
    [
      28,
      {
        "train_loss": 0.604653634914267,
        "train_accuracy": 0.7979229897997074
      }
    ],
    [
      29,
      {
        "train_loss": 0.5372170757202724,
        "train_accuracy": 0.8370225631010286
      }
    ],
    [
      30,
      {
        "train_loss": 0.5695635656724359,
        "train_accuracy": 0.8222639506689449
      }
    ]
  ]
}