{
  "losses_distributed": [
    [
      1,
      2.0032792690886505
    ],
    [
      2,
      0.82643694255663
    ],
    [
      3,
      0.4327581747607199
    ],
    [
      4,
      0.49426553434166004
    ],
    [
      5,
      0.5992943195449456
    ],
    [
      6,
      0.4606563174060842
    ],
    [
      7,
      0.5368886444849799
    ],
    [
      8,
      0.5363348086443309
    ],
    [
      9,
      0.544943825281935
    ],
    [
      10,
      0.4685648852854394
    ],
    [
      11,
      0.831665555043007
    ],
    [
      12,
      0.4751646242971503
    ],
    [
      13,
      0.48930790336902197
    ],
    [
      14,
      0.41425029521368906
    ],
    [
      15,
      0.49027047632933984
    ],
    [
      16,
      0.4381489250698564
    ],
    [
      17,
      0.4975750965112719
    ],
    [
      18,
      0.44715702519435097
    ],
    [
      19,
      0.9459664266733065
    ],
    [
      20,
      0.6049048075055151
    ],
    [
      21,
      0.36565443483669025
    ],
    [
      22,
      0.546867502812656
    ],
    [
      23,
      0.4706230612935448
    ],
    [
      24,
      0.38653684235049407
    ],
    [
      25,
      0.699343795667313
    ],
    [
      26,
      0.5337798159226926
    ],
    [
      27,
      0.5288895336737343
    ],
    [
      28,
      0.4195116904560166
    ],
    [
      29,
      0.6184803533715003
    ],
    [
      30,
      0.5244740460283867
    ],
    [
      31,
      0.43018287054150933
    ],
    [
      32,
      0.6054897217432194
    ],
    [
      33,
      0.43986219886377675
    ],
    [
      34,
      0.6163036168039778
    ],
    [
      35,
      0.5048302582079022
    ],
    [
      36,
      0.3327354906991753
    ],
    [
      37,
      0.7451596094253368
    ],
    [
      38,
      0.49502400351270665
    ],
    [
      39,
      0.6930599599947288
    ],
    [
      40,
      0.6992571913127918
    ],
    [
      41,
      0.49614807559680885
    ],
    [
      42,
      0.7297303074629702
    ],
    [
      43,
      0.521151232920983
    ],
    [
      44,
      0.908379123729311
    ],
    [
      45,
      0.7564076343858038
    ],
    [
      46,
      0.6379705962985602
    ],
    [
      47,
      0.7097188667443981
    ],
    [
      48,
      0.38992925735391737
    ],
    [
      49,
      0.5373169418725122
    ],
    [
      50,
      0.5663761900165888
    ]
  ],
  "metrics_distributed": [
    [
      1,
      {
        "val_accuracy": 0.39686686230578727
      }
    ],
    [
      2,
      {
        "val_accuracy": 0.6525695931477515
      }
    ],
    [
      3,
      {
        "val_accuracy": 0.8356814356102548
      }
    ],
    [
      4,
      {
        "val_accuracy": 0.8015181716811889
      }
    ],
    [
      5,
      {
        "val_accuracy": 0.7575233634828406
      }
    ],
    [
      6,
      {
        "val_accuracy": 0.8237370652486347
      }
    ],
    [
      7,
      {
        "val_accuracy": 0.7858246849518162
      }
    ],
    [
      8,
      {
        "val_accuracy": 0.8106918355339623
      }
    ],
    [
      9,
      {
        "val_accuracy": 0.7623989992587101
      }
    ],
    [
      10,
      {
        "val_accuracy": 0.7592865303908667
      }
    ],
    [
      11,
      {
        "val_accuracy": 0.6223646313364055
      }
    ],
    [
      12,
      {
        "val_accuracy": 0.8239723869532988
      }
    ],
    [
      13,
      {
        "val_accuracy": 0.8031383174825351
      }
    ],
    [
      14,
      {
        "val_accuracy": 0.8516200543199002
      }
    ],
    [
      15,
      {
        "val_accuracy": 0.8214680986445058
      }
    ],
    [
      16,
      {
        "val_accuracy": 0.8213126942316002
      }
    ],
    [
      17,
      {
        "val_accuracy": 0.7938553991725852
      }
    ],
    [
      18,
      {
        "val_accuracy": 0.8227038547071905
      }
    ],
    [
      19,
      {
        "val_accuracy": 0.5410227426103388
      }
    ],
    [
      20,
      {
        "val_accuracy": 0.7986726415042186
      }
    ],
    [
      21,
      {
        "val_accuracy": 0.8579886955883432
      }
    ],
    [
      22,
      {
        "val_accuracy": 0.8151777388271051
      }
    ],
    [
      23,
      {
        "val_accuracy": 0.7985117949608281
      }
    ],
    [
      24,
      {
        "val_accuracy": 0.8629663022652992
      }
    ],
    [
      25,
      {
        "val_accuracy": 0.7138859500259171
      }
    ],
    [
      26,
      {
        "val_accuracy": 0.8107644888619063
      }
    ],
    [
      27,
      {
        "val_accuracy": 0.7834601186299515
      }
    ],
    [
      28,
      {
        "val_accuracy": 0.8462620837808807
      }
    ],
    [
      29,
      {
        "val_accuracy": 0.7346200006907508
      }
    ],
    [
      30,
      {
        "val_accuracy": 0.7826157747757527
      }
    ],
    [
      31,
      {
        "val_accuracy": 0.8334829008003881
      }
    ],
    [
      32,
      {
        "val_accuracy": 0.7834655356136615
      }
    ],
    [
      33,
      {
        "val_accuracy": 0.845976413095729
      }
    ],
    [
      34,
      {
        "val_accuracy": 0.7430234299801599
      }
    ],
    [
      35,
      {
        "val_accuracy": 0.8029529598673758
      }
    ],
    [
      36,
      {
        "val_accuracy": 0.8836446954333297
      }
    ],
    [
      37,
      {
        "val_accuracy": 0.6812528396183553
      }
    ],
    [
      38,
      {
        "val_accuracy": 0.8038309950531182
      }
    ],
    [
      39,
      {
        "val_accuracy": 0.761125747113097
      }
    ],
    [
      40,
      {
        "val_accuracy": 0.7451283955857385
      }
    ],
    [
      41,
      {
        "val_accuracy": 0.7934278439114464
      }
    ],
    [
      42,
      {
        "val_accuracy": 0.7144428791559815
      }
    ],
    [
      43,
      {
        "val_accuracy": 0.7966747217782066
      }
    ],
    [
      44,
      {
        "val_accuracy": 0.6869704654673916
      }
    ],
    [
      45,
      {
        "val_accuracy": 0.6795749314424601
      }
    ],
    [
      46,
      {
        "val_accuracy": 0.7839166729440445
      }
    ],
    [
      47,
      {
        "val_accuracy": 0.716404542879495
      }
    ],
    [
      48,
      {
        "val_accuracy": 0.8585192769856871
      }
    ],
    [
      49,
      {
        "val_accuracy": 0.7974175786222482
      }
    ],
    [
      50,
      {
        "val_accuracy": 0.752237642568518
      }
    ]
  ],
  "metrics_distributed_fit": [
    [
      1,
      {
        "train_loss": 0.9885631473589865,
        "train_accuracy": 0.6927624028123257
      }
    ],
    [
      2,
      {
        "train_loss": 0.6203050287260871,
        "train_accuracy": 0.7800242773734561
      }
    ],
    [
      3,
      {
        "train_loss": 0.41538214518729544,
        "train_accuracy": 0.8748514917601217
      }
    ],
    [
      4,
      {
        "train_loss": 0.48894765790343153,
        "train_accuracy": 0.8175057745857917
      }
    ],
    [
      5,
      {
        "train_loss": 0.45757652278924693,
        "train_accuracy": 0.8418892056958395
      }
    ],
    [
      6,
      {
        "train_loss": 0.4380956801436704,
        "train_accuracy": 0.8468036640620618
      }
    ],
    [
      7,
      {
        "train_loss": 0.43403741607063756,
        "train_accuracy": 0.8443413903497747
      }
    ],
    [
      8,
      {
        "train_loss": 0.4260495265285426,
        "train_accuracy": 0.8618471173482481
      }
    ],
    [
      9,
      {
        "train_loss": 0.38551409207408155,
        "train_accuracy": 0.8682188765408133
      }
    ],
    [
      10,
      {
        "train_loss": 0.421272121319461,
        "train_accuracy": 0.8698771273263827
      }
    ],
    [
      11,
      {
        "train_loss": 0.4588199954931717,