{
  "losses_distributed": [
    [
      1,
      1.8640059042373467
    ],
    [
      2,
      1.3836862720755883
    ],
    [
      3,
      1.1680235944945236
    ],
    [
      4,
      1.2779840547182717
    ],
    [
      5,
      1.0691040269777994
    ],
    [
      6,
      0.9383215962268759
    ],
    [
      7,
      0.9611754650095372
    ],
    [
      8,
      0.9241892565562072
    ],
    [
      9,
      0.9050265922054997
    ],
    [
      10,
      0.871233957121548
    ],
    [
      11,
      0.8021801541253446
    ],
    [
      12,
      0.7363826826495944
    ],
    [
      13,
      0.7827199976953161
    ],
    [
      14,
      0.7659636654308809
    ],
    [
      15,
      0.7532391184621421
    ],
    [
      16,
      0.6651302835633678
    ],
    [
      17,
      0.7173440556203384
    ],
    [
      18,
      0.6727496474638752
    ],
    [
      19,
      0.7747201344080731
    ],
    [
      20,
      0.6725851470563297
    ],
    [
      21,
      0.7021074268824893
    ],
    [
      22,
      0.6833277582764268
    ],
    [
      23,
      0.7433533172019052
    ],
    [
      24,
      0.6148439359398528
    ],
    [
      25,
      0.5486310138624517
    ],
    [
      26,
      0.592334678612972
    ],
    [
      27,
      0.6159911394470026
    ],
    [
      28,
      0.5656456529252553
    ],
    [
      29,
      0.6530883357582502
    ],
    [
      30,
      0.5668013967000521
    ],
    [
      31,
      0.6025291368701864
    ],
    [
      32,
      0.5121101586124565
    ],
    [
      33,
      0.6163310452437591
    ],
    [
      34,
      0.6078849560857669
    ],
    [
      35,
      0.42876217142345435
    ],
    [
      36,
      0.5882769390422865
    ],
    [
      37,
      0.5968886620505562
    ],
    [
      38,
      0.54221337254922
    ],
    [
      39,
      0.617070263254959
    ],
    [
      40,
      0.5442211431088372
    ],
    [
      41,
      0.5687720173555784
    ],
    [
      42,
      0.4761091355019195
    ],
    [
      43,
      0.5477788351934428
    ],
    [
      44,
      0.5706711721505666
    ],
    [
      45,
      0.6269488416992508
    ],
    [
      46,
      0.5816968805083661
    ],
    [
      47,
      0.47801987200611545
    ],
    [
      48,
      0.5493247731668067
    ],
    [
      49,
      0.5561463121349448
    ],
    [
      50,
      0.4245412503974587
    ]
  ],
  "metrics_distributed": [
    [
      1,
      {
        "val_accuracy": 0.35159428782796986
      }
    ],
    [
      2,
      {
        "val_accuracy": 0.44418367674433534
      }
    ],
    [
      3,
      {
        "val_accuracy": 0.5200221027038975
      }
    ],
    [
      4,
      {
        "val_accuracy": 0.43819487069836827
      }
    ],
    [
      5,
      {
        "val_accuracy": 0.5471988218978031
      }
    ],
    [
      6,
      {
        "val_accuracy": 0.6429017916833801
      }
    ],
    [
      7,
      {
        "val_accuracy": 0.6140967930304464
      }
    ],
    [
      8,
      {
        "val_accuracy": 0.6109088881454221
      }
    ],
    [
      9,
      {
        "val_accuracy": 0.6654881727904511
      }
    ],
    [
      10,
      {
        "val_accuracy": 0.7152144977232086
      }
    ],
    [
      11,
      {
        "val_accuracy": 0.7153046289353792
      }
    ],
    [
      12,
      {
        "val_accuracy": 0.7516756079125417
      }
    ],
    [
      13,
      {
        "val_accuracy": 0.718076637594457
      }
    ],
    [
      14,
      {
        "val_accuracy": 0.6945493401197409
      }
    ],
    [
      15,
      {
        "val_accuracy": 0.7044832596062105
      }
    ],
    [
      16,
      {
        "val_accuracy": 0.7451215628584392
      }
    ],
    [
      17,
      {
        "val_accuracy": 0.7340805345966211
      }
    ],
    [
      18,
      {
        "val_accuracy": 0.7412451189862227
      }
    ],
    [
      19,
      {
        "val_accuracy": 0.6831361002378706
      }
    ],
    [
      20,
      {
        "val_accuracy": 0.7699699103681814
      }
    ],
    [
      21,
      {
        "val_accuracy": 0.7170352473838675
      }
    ],
    [
      22,
      {
        "val_accuracy": 0.7394600878326014
      }
    ],
    [
      23,
      {
        "val_accuracy": 0.6871421760698753
      }
    ],
    [
      24,
      {
        "val_accuracy": 0.7656206088992974
      }
    ],
    [
      25,
      {
        "val_accuracy": 0.7946387582533124
      }
    ],
    [
      26,
      {
        "val_accuracy": 0.7820461717322704
      }
    ],
    [
      27,
      {
        "val_accuracy": 0.7595621264103563
      }
    ],
    [
      28,
      {
        "val_accuracy": 0.7800350921777217
      }
    ],
    [
      29,
      {
        "val_accuracy": 0.7351530906990179
      }
    ],
    [
      30,
      {
        "val_accuracy": 0.7842134163082273
      }
    ],
    [
      31,
      {
        "val_accuracy": 0.7419568361481024
      }
    ],
    [
      32,
      {
        "val_accuracy": 0.8022537509330507
      }
    ],
    [
      33,
      {
        "val_accuracy": 0.7555809429491034
      }
    ],
    [
      34,
      {
        "val_accuracy": 0.7817754003984376
      }
    ],
    [
      35,
      {
        "val_accuracy": 0.8479410642481876
      }
    ],
    [
      36,
      {
        "val_accuracy": 0.76134758859579
      }
    ],
    [
      37,
      {
        "val_accuracy": 0.7556841753094681
      }
    ],
    [
      38,
      {
        "val_accuracy": 0.7862241346847505
      }
    ],
    [
      39,
      {
        "val_accuracy": 0.7470336685669157
      }
    ],
    [
      40,
      {
        "val_accuracy": 0.7975543929579805
      }
    ],
    [
      41,
      {
        "val_accuracy": 0.7742194948820369
      }
    ],
    [
      42,
      {
        "val_accuracy": 0.8137857664223291
      }
    ],
    [
      43,
      {
        "val_accuracy": 0.8000581298787577
      }
    ],
    [
      44,
      {
        "val_accuracy": 0.7702427947878554
      }
    ],
    [
      45,
      {
        "val_accuracy": 0.7480625161456989
      }
    ],
    [
      46,
      {
        "val_accuracy": 0.7666291256003652
      }
    ],
    [
      47,
      {
        "val_accuracy": 0.8075637087136878
      }
    ],
    [
      48,
      {
        "val_accuracy": 0.7915636655390754
      }
    ],
    [
      49,
      {
        "val_accuracy": 0.7802197688566573
      }
    ],
    [
      50,
      {
        "val_accuracy": 0.7500829640065354
      }
    ]
  ],
  "metrics_distributed_fit": [
    [
      1,
      {
        "train_loss": 1.9395971604755946,
        "train_accuracy": 0.32623318385650224
      }
    ],
    [
      2,
      {
        "train_loss": 1.6039542140627696,
        "train_accuracy": 0.4167858218883894
      }
    ],
    [
      3,
      {
        "train_loss": 1.4809573192966647,
        "train_accuracy": 0.4378849489625726
      }
    ],
    [
      4,
      {
        "train_loss": 1.3960045222666642,
        "train_accuracy": 0.45957552204950297
      }
    ],
    [
      5,
      {
        "train_loss": 1.3078836534638403,
        "train_accuracy": 0.48823453716179754
      }
    ],
    [
      6,
      {
        "train_loss": 1.2359383751667847,
        "train_accuracy": 0.5226212921065863
      }
    ],
    [
      7,
      {
        "train_loss": 1.2191959807999924,
        "train_accuracy": 0.5415375674818048
      }
    ],
    [
      8,
      {
        "train_loss": 1.1712141320583926,
        "train_accuracy": 0.5468039355758743
      }
    ],
    [
      9,
      {
        "train_loss": 1.097160024698876,
        "train_accuracy": 0.5911421238899147
      }
    ],
    [
      10,
      {
        "train_loss": 1.129653977726686,
        "train_accuracy": 0.5600412377008184
      }
    ],
    [
      11,
      {
        "train_loss": 1.0289424439046415,