{
  "losses_distributed": [
    [
      1,
      0.6401181829896887
    ],
    [
      2,
      0.8324311019932782
    ],
    [
      3,
      0.5817038965180474
    ],
    [
      4,
      0.65634652128449
    ],
    [
      5,
      0.47353025394217313
    ],
    [
      6,
      0.437672808681035
    ],
    [
      7,
      0.5379963953002992
    ],
    [
      8,
      0.5487073417970039
    ],
    [
      9,
      0.7021442883978525
    ],
    [
      10,
      0.39187802709776537
    ],
    [
      11,
      0.3556021001896404
    ],
    [
      12,
      0.37879645176778276
    ],
    [
      13,
      0.3548615165979067
    ],
    [
      14,
      0.4945329781208366
    ],
    [
      15,
      0.6421943538718753
    ],
    [
      16,
      0.6063015375760561
    ],
    [
      17,
      0.5042369592910547
    ],
    [
      18,
      0.4764652943887075
    ],
    [
      19,
      0.46016154308448853
    ],
    [
      20,
      0.5458637379428664
    ],
    [
      21,
      0.3974662370754441
    ],
    [
      22,
      0.4313687363073086
    ],
    [
      23,
      0.550047391113283
    ],
    [
      24,
      0.3664370968646502
    ],
    [
      25,
      0.42307117164321084
    ],
    [
      26,
      0.3944772060818579
    ],
    [
      27,
      0.5645141965874146
    ],
    [
      28,
      0.5229668109252185
    ],
    [
      29,
      0.47107805767466693
    ],
    [
      30,
      0.4576919587079616
    ],
    [
      31,
      0.5364573726866912
    ],
    [
      32,
      0.53777707544616
    ],
    [
      33,
      0.40563725074435697
    ],
    [
      34,
      0.3952905496595599
    ],
    [
      35,
      0.5246678921256492
    ],
    [
      36,
      0.4472829674322078
    ],
    [
      37,
      0.47732624888972985
    ],
    [
      38,
      0.6045531000273615
    ],
    [
      39,
      0.4645525416270371
    ],
    [
      40,
      0.5880375967668346
    ],
    [
      41,
      0.48615509305336746
    ],
    [
      42,
      0.5983830757047001
    ],
    [
      43,
      0.3711632098754247
    ],
    [
      44,
      0.7130313123241013
    ],
    [
      45,
      0.39382252745076474
    ],
    [
      46,
      0.3950723740330182
    ],
    [
      47,
      0.5602479617708807
    ],
    [
      48,
      0.42374486966596214
    ],
    [
      49,
      0.7542811786311242
    ],
    [
      50,
      0.5348944902318417
    ]
  ],
  "metrics_distributed": [
    [
      1,
      {
        "val_accuracy": 0.7684609763580804
      }
    ],
    [
      2,
      {
        "val_accuracy": 0.6494865076603732
      }
    ],
    [
      3,
      {
        "val_accuracy": 0.7746677556260194
      }
    ],
    [
      4,
      {
        "val_accuracy": 0.7561692637399365
      }
    ],
    [
      5,
      {
        "val_accuracy": 0.8327077690663277
      }
    ],
    [
      6,
      {
        "val_accuracy": 0.8466841643555768
      }
    ],
    [
      7,
      {
        "val_accuracy": 0.7594381343603344
      }
    ],
    [
      8,
      {
        "val_accuracy": 0.7898367230942692
      }
    ],
    [
      9,
      {
        "val_accuracy": 0.6941207297906536
      }
    ],
    [
      10,
      {
        "val_accuracy": 0.8602779917546504
      }
    ],
    [
      11,
      {
        "val_accuracy": 0.8739959578811899
      }
    ],
    [
      12,
      {
        "val_accuracy": 0.8341579154943174
      }
    ],
    [
      13,
      {
        "val_accuracy": 0.8215957805790786
      }
    ],
    [
      14,
      {
        "val_accuracy": 0.8376176735227535
      }
    ],
    [
      15,
      {
        "val_accuracy": 0.7441971455621247
      }
    ],
    [
      16,
      {
        "val_accuracy": 0.7110480054635335
      }
    ],
    [
      17,
      {
        "val_accuracy": 0.8005409532495116
      }
    ],
    [
      18,
      {
        "val_accuracy": 0.819224674571072
      }
    ],
    [
      19,
      {
        "val_accuracy": 0.8245371358541699
      }
    ],
    [
      20,
      {
        "val_accuracy": 0.7677804914032097
      }
    ],
    [
      21,
      {
        "val_accuracy": 0.8714173674898223
      }
    ],
    [
      22,
      {
        "val_accuracy": 0.8374580840167956
      }
    ],
    [
      23,
      {
        "val_accuracy": 0.7751246260989632
      }
    ],
    [
      24,
      {
        "val_accuracy": 0.8863908228214029
      }
    ],
    [
      25,
      {
        "val_accuracy": 0.8285455667067413
      }
    ],
    [
      26,
      {
        "val_accuracy": 0.8486797757989821
      }
    ],
    [
      27,
      {
        "val_accuracy": 0.7361103314268836
      }
    ],
    [
      28,
      {
        "val_accuracy": 0.7796693404965892
      }
    ],
    [
      29,
      {
        "val_accuracy": 0.7895253710708782
      }
    ],
    [
      30,
      {
        "val_accuracy": 0.8151302647796337
      }
    ],
    [
      31,
      {
        "val_accuracy": 0.7732695744570804
      }
    ],
    [
      32,
      {
        "val_accuracy": 0.7858037230172205
      }
    ],
    [
      33,
      {
        "val_accuracy": 0.7946438422524412
      }
    ],
    [
      34,
      {
        "val_accuracy": 0.8267843630865831
      }
    ],
    [
      35,
      {
        "val_accuracy": 0.7783273455169479
      }
    ],
    [
      36,
      {
        "val_accuracy": 0.7934270748324043
      }
    ],
    [
      37,
      {
        "val_accuracy": 0.800198597442395
      }
    ],
    [
      38,
      {
        "val_accuracy": 0.7508531394020036
      }
    ],
    [
      39,
      {
        "val_accuracy": 0.8039275183805646
      }
    ],
    [
      40,
      {
        "val_accuracy": 0.7965121941178236
      }
    ],
    [
      41,
      {
        "val_accuracy": 0.8443769096167308
      }
    ],
    [
      42,
      {
        "val_accuracy": 0.7526178908854878
      }
    ],
    [
      43,
      {
        "val_accuracy": 0.859077768415168
      }
    ],
    [
      44,
      {
        "val_accuracy": 0.7319732061178276
      }
    ],
    [
      45,
      {
        "val_accuracy": 0.861245905667185
      }
    ],
    [
      46,
      {
        "val_accuracy": 0.8472538393213033
      }
    ],
    [
      47,
      {
        "val_accuracy": 0.7903805413350214
      }
    ],
    [
      48,
      {
        "val_accuracy": 0.8395477807446694
      }
    ],
    [
      49,
      {
        "val_accuracy": 0.6945959041562748
      }
    ],
    [
      50,
      {
        "val_accuracy": 0.8108582074650464
      }
    ]
  ],
  "metrics_distributed_fit": [
    [
      1,
      {
        "train_loss": 1.3578994217164375,
        "train_accuracy": 0.5783771323190411
      }
    ],
    [
      2,
      {
        "train_loss": 0.6717866604077067,
        "train_accuracy": 0.7593323050560925
      }
    ],
    [
      3,
      {
        "train_loss": 0.5241599067396829,
        "train_accuracy": 0.8120511878414436
      }
    ],
    [
      4,
      {
        "train_loss": 0.520702575055092,
        "train_accuracy": 0.8183525809361145
      }
    ],
    [
      5,
      {
        "train_loss": 0.45746009757128636,
        "train_accuracy": 0.8432043278368397
      }
    ],
    [
      6,
      {
        "train_loss": 0.47500835529889807,
        "train_accuracy": 0.8358154469792796
      }
    ],
    [
      7,
      {
        "train_loss": 0.43604281009272905,
        "train_accuracy": 0.8577367898084569
      }
    ],
    [
      8,
      {
        "train_loss": 0.4514410526880668,
        "train_accuracy": 0.844997464052062
      }
    ],
    [
      9,
      {
        "train_loss": 0.41958909429442004,
        "train_accuracy": 0.8654415978018059
      }
    ],
    [
      10,
      {
        "train_loss": 0.5099500673321576,
        "train_accuracy": 0.821750064112464
      }
    ],
    [
      11,
      {
        "train_loss": 0.43410959364625756,