{
  "losses_distributed": [
    [
      1,
      1.431579738055137
    ],
    [
      2,
      0.8202038500667717
    ],
    [
      3,
      2.433313982077568
    ],
    [
      4,
      0.10674488211971467
    ],
    [
      5,
      1.4856468145814326
    ],
    [
      6,
      3.143485662940973
    ],
    [
      7,
      2.0882901048954623
    ],
    [
      8,
      1.1394847229091498
    ],
    [
      9,
      2.148414155086839
    ],
    [
      10,
      4.501166943041763
    ],
    [
      11,
      5.879630623841499
    ],
    [
      12,
      1.4460672093747138
    ],
    [
      13,
      0.4537655557024068
    ],
    [
      14,
      0.6588807901269511
    ],
    [
      15,
      4.824026368967024
    ],
    [
      16,
      4.163145445130807
    ],
    [
      17,
      1.5140103764004178
    ],
    [
      18,
      1.1444868881491166
    ],
    [
      19,
      2.3657286030401656
    ],
    [
      20,
      0.9587579962565814
    ],
    [
      21,
      1.2687654395986174
    ],
    [
      22,
      0.9086523162075347
    ],
    [
      23,
      0.09881962007709912
    ],
    [
      24,
      4.692735515063322
    ],
    [
      25,
      1.2565895165578929
    ],
    [
      26,
      0.7112318848783632
    ],
    [
      27,
      1.1800006283334938
    ],
    [
      28,
      1.2130737923306842
    ],
    [
      29,
      1.36785871363401
    ],
    [
      30,
      0.8303229362739447
    ],
    [
      31,
      0.8743991884877901
    ],
    [
      32,
      1.3258873516694227
    ],
    [
      33,
      0.7748457796233041
    ],
    [
      34,
      0.9434177305440545
    ],
    [
      35,
      0.9188306573727756
    ],
    [
      36,
      1.7186915859764005
    ],
    [
      37,
      1.0209577958405565
    ],
    [
      38,
      1.202229071088829
    ],
    [
      39,
      2.0016029643670805
    ],
    [
      40,
      1.7409867308010982
    ],
    [
      41,
      1.1618054448636816
    ],
    [
      42,
      1.629201438045581
    ],
    [
      43,
      1.3200987440416183
    ],
    [
      44,
      1.132849169064717
    ],
    [
      45,
      1.2788137907090886
    ],
    [
      46,
      0.558374497294426
    ],
    [
      47,
      1.2283470074589642
    ],
    [
      48,
      2.1031785188816947
    ],
    [
      49,
      0.49551591256663235
    ],
    [
      50,
      1.735431151760137
    ]
  ],
  "metrics_distributed": [
    [
      1,
      {
        "val_accuracy": 0.3496677740863787
      }
    ],
    [
      2,
      {
        "val_accuracy": 0.8454930515895678
      }
    ],
    [
      3,
      {
        "val_accuracy": 0.531608961414023
      }
    ],
    [
      4,
      {
        "val_accuracy": 0.9669474585950886
      }
    ],
    [
      5,
      {
        "val_accuracy": 0.5732819237662592
      }
    ],
    [
      6,
      {
        "val_accuracy": 0.7247916666666666
      }
    ],
    [
      7,
      {
        "val_accuracy": 0.6253063725490196
      }
    ],
    [
      8,
      {
        "val_accuracy": 0.6517071788389618
      }
    ],
    [
      9,
      {
        "val_accuracy": 0.44019651300236406
      }
    ],
    [
      10,
      {
        "val_accuracy": 0.6060734234183847
      }
    ],
    [
      11,
      {
        "val_accuracy": 0.10278239202657807
      }
    ],
    [
      12,
      {
        "val_accuracy": 0.7552184466019418
      }
    ],
    [
      13,
      {
        "val_accuracy": 0.8415857925661847
      }
    ],
    [
      14,
      {
        "val_accuracy": 0.7858194586023333
      }
    ],
    [
      15,
      {
        "val_accuracy": 0.6451575337604032
      }
    ],
    [
      16,
      {
        "val_accuracy": 0.48461618690029207
      }
    ],
    [
      17,
      {
        "val_accuracy": 0.4400531045751634
      }
    ],
    [
      18,
      {
        "val_accuracy": 0.5186678271011522
      }
    ],
    [
      19,
      {
        "val_accuracy": 0.377098688120808
      }
    ],
    [
      20,
      {
        "val_accuracy": 0.7611611753769882
      }
    ],
    [
      21,
      {
        "val_accuracy": 0.23640095894516033
      }
    ],
    [
      22,
      {
        "val_accuracy": 0.6964085297418631
      }
    ],
    [
      23,
      {
        "val_accuracy": 0.9585103155339806
      }
    ],
    [
      24,
      {
        "val_accuracy": 0.37538656605640774
      }
    ],
    [
      25,
      {
        "val_accuracy": 0.5321641980435585
      }
    ],
    [
      26,
      {
        "val_accuracy": 0.743969053668755
      }
    ],
    [
      27,
      {
        "val_accuracy": 0.7219082446808511
      }
    ],
    [
      28,
      {
        "val_accuracy": 0.6488752458912368
      }
    ],
    [
      29,
      {
        "val_accuracy": 0.47774104031853537
      }
    ],
    [
      30,
      {
        "val_accuracy": 0.6859854645327034
      }
    ],
    [
      31,
      {
        "val_accuracy": 0.6484287659929374
      }
    ],
    [
      32,
      {
        "val_accuracy": 0.6781457554606691
      }
    ],
    [
      33,
      {
        "val_accuracy": 0.7534890776699029
      }
    ],
    [
      34,
      {
        "val_accuracy": 0.670738470001597
      }
    ],
    [
      35,
      {
        "val_accuracy": 0.7531061667796973
      }
    ],
    [
      36,
      {
        "val_accuracy": 0.6540032679738562
      }
    ],
    [
      37,
      {
        "val_accuracy": 0.7458370735681661
      }
    ],
    [
      38,
      {
        "val_accuracy": 0.6038517099628946
      }
    ],
    [
      39,
      {
        "val_accuracy": 0.7020551748207373
      }
    ],
    [
      40,
      {
        "val_accuracy": 0.12971830985915492
      }
    ],
    [
      41,
      {
        "val_accuracy": 0.5930738261164618
      }
    ],
    [
      42,
      {
        "val_accuracy": 0.6239011814939914
      }
    ],
    [
      43,
      {
        "val_accuracy": 0.6786503596044351
      }
    ],
    [
      44,
      {
        "val_accuracy": 0.6074172576832151
      }
    ],
    [
      45,
      {
        "val_accuracy": 0.7352350335506364
      }
    ],
    [
      46,
      {
        "val_accuracy": 0.76075742130788
      }
    ],
    [
      47,
      {
        "val_accuracy": 0.7777083333333333
      }
    ],
    [
      48,
      {
        "val_accuracy": 0.2414512093411176
      }
    ],
    [
      49,
      {
        "val_accuracy": 0.8499271844660194
      }
    ],
    [
      50,
      {
        "val_accuracy": 0.6433526725345555
      }
    ]
  ],
  "metrics_distributed_fit": [
    [
      1,
      {
        "train_loss": 0.7004059006242042,
        "train_accuracy": 0.812375249500998
      }
    ],
    [
      2,
      {
        "train_loss": 0.30729225296653245,
        "train_accuracy": 0.913712110346098
      }
    ],
    [
      3,
      {
        "train_loss": 2.6267351920649458,
        "train_accuracy": 0.6279619312750131
      }
    ],
    [
      4,
      {
        "train_loss": 0.33700944931489474,
        "train_accuracy": 0.9100309554461313
      }
    ],
    [
      5,
      {
        "train_loss": 0.4939815211068361,
        "train_accuracy": 0.8345195769496175
      }
    ],
    [
      6,
      {
        "train_loss": 0.24014294848375273,
        "train_accuracy": 0.971224967246865
      }
    ],
    [
      7,
      {
        "train_loss": 0.31364689666745593,
        "train_accuracy": 0.9076030305356747
      }
    ],
    [
      8,
      {
        "train_loss": 0.45168325041793095,
        "train_accuracy": 0.8537703984014602
      }
    ],
    [
      9,
      {
        "train_loss": 0.37926811807089655,
        "train_accuracy": 0.8749944509404064
      }
    ],
    [
      10,
      {
        "train_loss": 0.41632201565965327,
        "train_accuracy": 0.870311994088686
      }
    ],
    [
      11,
      {
        "train_loss": 0.23740714745399824,