{
  "losses_distributed": [
    [
      1,
      4.328743131267053
    ],
    [
      2,
      2.4764059905348152
    ],
    [
      3,
      2.7846784826526023
    ],
    [
      4,
      2.1201631554796654
    ],
    [
      5,
      0.11411870084702969
    ],
    [
      6,
      0.7001587029127095
    ],
    [
      7,
      1.9088216188894325
    ],
    [
      8,
      0.3146323236397334
    ],
    [
      9,
      0.3112484231779847
    ],
    [
      10,
      7.906815062722175
    ],
    [
      11,
      0.42529874568650294
    ],
    [
      12,
      0.6513204393629889
    ],
    [
      13,
      1.6451949839880788
    ],
    [
      14,
      0.9799983305311689
    ],
    [
      15,
      0.02911843979854981
    ],
    [
      16,
      1.8498868765654388
    ],
    [
      17,
      1.7351722009728225
    ],
    [
      18,
      1.4402503957525332
    ],
    [
      19,
      0.7940572375132714
    ],
    [
      20,
      3.2498142537936356
    ],
    [
      21,
      1.2828243098681487
    ],
    [
      22,
      3.2141261671734327
    ],
    [
      23,
      1.3594245321565683
    ],
    [
      24,
      1.1752538010716058
    ],
    [
      25,
      1.8263408851623535
    ],
    [
      26,
      0.9431746389481404
    ],
    [
      27,
      0.22848855491304348
    ],
    [
      28,
      0.7189910826344176
    ],
    [
      29,
      1.1160343728746687
    ],
    [
      30,
      0.871170762444728
    ],
    [
      31,
      2.4111714410449125
    ],
    [
      32,
      1.512980537673536
    ],
    [
      33,
      2.18538268602635
    ],
    [
      34,
      1.0576483812033386
    ],
    [
      35,
      0.8877897961320125
    ],
    [
      36,
      1.3041504660080283
    ],
    [
      37,
      0.7181181487778725
    ],
    [
      38,
      0.9908960867729828
    ],
    [
      39,
      0.8548112036306647
    ],
    [
      40,
      1.0465035388078638
    ],
    [
      41,
      0.5253243823450794
    ],
    [
      42,
      0.8549420526153163
    ],
    [
      43,
      1.7088452865337502
    ],
    [
      44,
      1.0863888697062558
    ],
    [
      45,
      0.6074272314939138
    ],
    [
      46,
      1.8242730689954154
    ],
    [
      47,
      0.7069566488265991
    ],
    [
      48,
      2.5280424003359636
    ],
    [
      49,
      2.3838170843176285
    ],
    [
      50,
      1.3858047866680971
    ]
  ],
  "metrics_distributed": [
    [
      1,
      {
        "val_accuracy": 0.23580099994676415
      }
    ],
    [
      2,
      {
        "val_accuracy": 0.54765300059417708
      }
    ],
    [
      3,
      {
        "val_accuracy": 0.62723404255319153
      }
    ],
    [
      4,
      {
        "val_accuracy": 0.79019710998877664
      }
    ],
    [
      5,
      {
        "val_accuracy": 0.825199709513435
      }
    ],
    [
      6,
      {
        "val_accuracy": 0.7325344477976583
      }
    ],
    [
      7,
      {
        "val_accuracy": 0.7010504249036359
      }
    ],
    [
      8,
      {
        "val_accuracy": 0.8319714131607335
      }
    ],
    [
      9,
      {
        "val_accuracy": 0.8987572453523716
      }
    ],
    [
      10,
      {
        "val_accuracy": 0.614170141784820685
      }
    ],
    [
      11,
      {
        "val_accuracy": 0.787329272794389
      }
    ],
    [
      12,
      {
        "val_accuracy": 0.7656267019681549
      }
    ],
    [
      13,
      {
        "val_accuracy": 0.6856050531914894
      }
    ],
    [
      14,
      {
        "val_accuracy": 0.6825868725868726
      }
    ],
    [
      15,
      {
        "val_accuracy": 0.8574979149291076
      }
    ],
    [
      16,
      {
        "val_accuracy": 0.65761846405228757
      }
    ],
    [
      17,
      {
        "val_accuracy": 0.66858363796071195
      }
    ],
    [
      18,
      {
        "val_accuracy": 0.7043244123411296
      }
    ],
    [
      19,
      {
        "val_accuracy": 0.7898794934640523
      }
    ],
    [
      20,
      {
        "val_accuracy": 0.63892465364655733
      }
    ],
    [
      21,
      {
        "val_accuracy": 0.6738760868028557
      }
    ],
    [
      22,
      {
        "val_accuracy": 0.6154501177305422
      }
    ],
    [
      23,
      {
        "val_accuracy": 0.6002244668911336
      }
    ],
    [
      24,
      {
        "val_accuracy": 0.6628472222222222
      }
    ],
    [
      25,
      {
        "val_accuracy": 0.63976705771305286
      }
    ],
    [
      26,
      {
        "val_accuracy": 0.6980441417353532
      }
    ],
    [
      27,
      {
        "val_accuracy": 0.8504703661399835
      }
    ],
    [
      28,
      {
        "val_accuracy": 0.7874857983887626
      }
    ],
    [
      29,
      {
        "val_accuracy": 0.6426560814455231
      }
    ],
    [
      30,
      {
        "val_accuracy": 0.662476533166458
      }
    ],
    [
      31,
      {
        "val_accuracy": 0.6787699944842802
      }
    ],
    [
      32,
      {
        "val_accuracy": 0.7026388888888888
      }
    ],
    [
      33,
      {
        "val_accuracy": 0.68864794736354367
      }
    ],
    [
      34,
      {
        "val_accuracy": 0.67506937536540694
      }
    ],
    [
      35,
      {
        "val_accuracy": 0.7184611141753999
      }
    ],
    [
      36,
      {
        "val_accuracy": 0.6919481492999731
      }
    ],
    [
      37,
      {
        "val_accuracy": 0.66098039215686276
      }
    ],
    [
      38,
      {
        "val_accuracy": 0.6931359466221852
      }
    ],
    [
      39,
      {
        "val_accuracy": 0.7070381529652929
      }
    ],
    [
      40,
      {
        "val_accuracy": 0.77824028264488716
      }
    ],
    [
      41,
      {
        "val_accuracy": 0.8071061391244115
      }
    ],
    [
      42,
      {
        "val_accuracy": 0.7717306157655702
      }
    ],
    [
      43,
      {
        "val_accuracy": 0.7043470931974827
      }
    ],
    [
      44,
      {
        "val_accuracy": 0.6390630239396596
      }
    ],
    [
      45,
      {
        "val_accuracy": 0.7672477199176229
      }
    ],
    [
      46,
      {
        "val_accuracy": 0.7754727150632643
      }
    ],
    [
      47,
      {
        "val_accuracy": 0.6104160874803076
      }
    ],
    [
      48,
      {
        "val_accuracy": 0.6718699194175443
      }
    ],
    [
      49,
      {
        "val_accuracy": 0.7139887655512655
      }
    ],
    [
      50,
      {
        "val_accuracy": 0.7166182816168538
      }
    ]
  ],
  "metrics_distributed_fit": [
    [
      1,
      {
        "train_loss": 0.9354461340440644,
        "train_accuracy": 0.7535853976531942
      }
    ],
    [
      2,
      {
        "train_loss": 0.586627475733485,
        "train_accuracy": 0.799733752631602
      }
    ],
    [
      3,
      {
        "train_loss": 0.7089911874675325,
        "train_accuracy": 0.7531254988399743
      }
    ],
    [
      4,
      {
        "train_loss": 0.37447844833308286,
        "train_accuracy": 0.8918180306054557
      }
    ],
    [
      5,
      {
        "train_loss": 0.45696583118219025,
        "train_accuracy": 0.9023666479505895
      }
    ],
    [
      6,
      {
        "train_loss": 0.48891461175284245,
        "train_accuracy": 0.8306990413112398
      }
    ],
    [
      7,
      {
        "train_loss": 0.42594481723486033,
        "train_accuracy": 0.8721451453848327
      }
    ],
    [
      8,
      {
        "train_loss": 0.2324480689994024,
        "train_accuracy": 0.9352293592426797
      }
    ],
    [
      9,
      {
        "train_loss": 0.37481048990764004,
        "train_accuracy": 0.8964661502713943
      }
    ],
    [
      10,
      {
        "train_loss": 0.20967083456657143,
        "train_accuracy": 0.9453477382142842
      }
    ],
    [
      11,
      {
        "train_loss": 0.20749392229911703,