{
  "losses_distributed": [
    [
      1,
      1.9665538222971954
    ],
    [
      2,
      1.2414486538233795
    ],
    [
      3,
      0.6392938984880628
    ],
    [
      4,
      0.7488598266661455
    ],
    [
      5,
      0.8208914543169902
    ],
    [
      6,
      0.7985474009823456
    ],
    [
      7,
      0.7633825939284247
    ],
    [
      8,
      0.814531658265785
    ],
    [
      9,
      0.5970094131722591
    ],
    [
      10,
      0.85154700320881
    ],
    [
      11,
      0.6132041977223567
    ],
    [
      12,
      0.5582788780691543
    ],
    [
      13,
      0.549214795570702
    ],
    [
      14,
      0.9513618716177419
    ],
    [
      15,
      0.5869395094349481
    ],
    [
      16,
      0.5928133694766142
    ],
    [
      17,
      0.8603616301853831
    ],
    [
      18,
      0.5768279958996172
    ],
    [
      19,
      0.5027708935890551
    ],
    [
      20,
      0.625541066227195
    ],
    [
      21,
      0.627062738373213
    ],
    [
      22,
      0.4746501360315576
    ],
    [
      23,
      0.5770829782180827
    ],
    [
      24,
      0.5244291223116946
    ],
    [
      25,
      0.7520917946683024
    ],
    [
      26,
      0.3577784711383916
    ],
    [
      27,
      0.6908606719454525
    ],
    [
      28,
      0.6284874643981974
    ],
    [
      29,
      0.442974624851846
    ],
    [
      30,
      0.33592628643412664
    ],
    [
      31,
      0.5411078695717989
    ],
    [
      32,
      0.5165871628226789
    ],
    [
      33,
      0.47522293914473496
    ],
    [
      34,
      0.8185955440142095
    ],
    [
      35,
      0.8675464681326593
    ],
    [
      36,
      0.46415097628819946
    ],
    [
      37,
      0.45261123826034505
    ],
    [
      38,
      0.3687381478484412
    ],
    [
      39,
      0.3799912481423921
    ],
    [
      40,
      0.6781101662559488
    ],
    [
      41,
      0.4503064968516149
    ],
    [
      42,
      0.6761856086424001
    ],
    [
      43,
      0.5226653989276149
    ],
    [
      44,
      0.49019216794171766
    ],
    [
      45,
      0.4016110697436276
    ],
    [
      46,
      0.5226405551340517
    ],
    [
      47,
      0.40986419365711485
    ],
    [
      48,
      0.5124631887322769
    ],
    [
      49,
      0.5487061517126021
    ],
    [
      50,
      0.9696168623753448
    ]
  ],
  "metrics_distributed": [
    [
      1,
      {
        "val_accuracy": 0.40653924372943573
      }
    ],
    [
      2,
      {
        "val_accuracy": 0.4940121856883736
      }
    ],
    [
      3,
      {
        "val_accuracy": 0.7904090006586885
      }
    ],
    [
      4,
      {
        "val_accuracy": 0.7229553714147842
      }
    ],
    [
      5,
      {
        "val_accuracy": 0.7659564058376354
      }
    ],
    [
      6,
      {
        "val_accuracy": 0.6199692780337942
      }
    ],
    [
      7,
      {
        "val_accuracy": 0.7342171751816726
      }
    ],
    [
      8,
      {
        "val_accuracy": 0.6792002012072434
      }
    ],
    [
      9,
      {
        "val_accuracy": 0.7349908243411878
      }
    ],
    [
      10,
      {
        "val_accuracy": 0.6553063956956111
      }
    ],
    [
      11,
      {
        "val_accuracy": 0.7482809059927014
      }
    ],
    [
      12,
      {
        "val_accuracy": 0.7767948698615676
      }
    ],
    [
      13,
      {
        "val_accuracy": 0.7984625089311013
      }
    ],
    [
      14,
      {
        "val_accuracy": 0.6417888026227836
      }
    ],
    [
      15,
      {
        "val_accuracy": 0.743316432229612
      }
    ],
    [
      16,
      {
        "val_accuracy": 0.69395427809108
      }
    ],
    [
      17,
      {
        "val_accuracy": 0.644050760945744
      }
    ],
    [
      18,
      {
        "val_accuracy": 0.7803963326176522
      }
    ],
    [
      19,
      {
        "val_accuracy": 0.7855995705445105
      }
    ],
    [
      20,
      {
        "val_accuracy": 0.7350424448217318
      }
    ],
    [
      21,
      {
        "val_accuracy": 0.7745747120235237
      }
    ],
    [
      22,
      {
        "val_accuracy": 0.7839312993470435
      }
    ],
    [
      23,
      {
        "val_accuracy": 0.7169043349557396
      }
    ],
    [
      24,
      {
        "val_accuracy": 0.805116490196272
      }
    ],
    [
      25,
      {
        "val_accuracy": 0.6795268154480838
      }
    ],
    [
      26,
      {
        "val_accuracy": 0.8416653980584913
      }
    ],
    [
      27,
      {
        "val_accuracy": 0.7087677711791964
      }
    ],
    [
      28,
      {
        "val_accuracy": 0.7406356702816432
      }
    ],
    [
      29,
      {
        "val_accuracy": 0.8274528952720561
      }
    ],
    [
      30,
      {
        "val_accuracy": 0.8517153136424302
      }
    ],
    [
      31,
      {
        "val_accuracy": 0.7212804658086871
      }
    ],
    [
      32,
      {
        "val_accuracy": 0.7927818389498786
      }
    ],
    [
      33,
      {
        "val_accuracy": 0.8139924135060962
      }
    ],
    [
      34,
      {
        "val_accuracy": 0.6421317674736103
      }
    ],
    [
      35,
      {
        "val_accuracy": 0.6876260726509151
      }
    ],
    [
      36,
      {
        "val_accuracy": 0.8309010224176536
      }
    ],
    [
      37,
      {
        "val_accuracy": 0.8366564150176986
      }
    ],
    [
      38,
      {
        "val_accuracy": 0.8653720104599052
      }
    ],
    [
      39,
      {
        "val_accuracy": 0.8576234063419419
      }
    ],
    [
      40,
      {
        "val_accuracy": 0.7596965973176864
      }
    ],
    [
      41,
      {
        "val_accuracy": 0.8383032674594306
      }
    ],
    [
      42,
      {
        "val_accuracy": 0.6937399951491632
      }
    ],
    [
      43,
      {
        "val_accuracy": 0.8210502929583128
      }
    ],
    [
      44,
      {
        "val_accuracy": 0.8024867520791018
      }
    ],
    [
      45,
      {
        "val_accuracy": 0.8275120843601329
      }
    ],
    [
      46,
      {
        "val_accuracy": 0.7858058835642214
      }
    ],
    [
      47,
      {
        "val_accuracy": 0.8291217257318952
      }
    ],
    [
      48,
      {
        "val_accuracy": 0.7863552281430519
      }
    ],
    [
      49,
      {
        "val_accuracy": 0.7927619280460545
      }
    ],
    [
      50,
      {
        "val_accuracy": 0.5189660138248848
      }
    ]
  ],
  "metrics_distributed_fit": [
    [
      1,
      {
        "train_loss": 1.2256666827602547,
        "train_accuracy": 0.6028947368421053
      }
    ],
    [
      2,
      {
        "train_loss": 0.911119199618847,
        "train_accuracy": 0.6834351473073076
      }
    ],
    [
      3,
      {
        "train_loss": 0.8227269902951505,
        "train_accuracy": 0.7214585231713878
      }
    ],
    [
      4,
      {
        "train_loss": 0.7741037343341408,
        "train_accuracy": 0.718746833049308
      }
    ],
    [
      5,
      {
        "train_loss": 0.7466208101003113,
        "train_accuracy": 0.7136035589274276
      }
    ],
    [
      6,
      {
        "train_loss": 0.588477668970666,
        "train_accuracy": 0.807294702123342
      }
    ],
    [
      7,
      {
        "train_loss": 0.5771335719194949,
        "train_accuracy": 0.8057444342474924
      }
    ],
    [
      8,
      {
        "train_loss": 0.7573763112131017,
        "train_accuracy": 0.7069183198437147
      }
    ],
    [
      9,
      {
        "train_loss": 0.612787540681137,
        "train_accuracy": 0.7908660974519268
      }
    ],
    [
      10,
      {
        "train_loss": 0.7103081521982672,
        "train_accuracy": 0.7264662895630568
      }
    ],
    [
      11,
      {
        "train_loss": 0.5828657698948533,