{
  "losses_distributed": [
    [
      1,
      2.981396971240486
    ],
    [
      2,
      0.9952251335781257
    ],
    [
      3,
      0.6913027713028409
    ],
    [
      4,
      0.7812332515671679
    ],
    [
      5,
      0.54086596028337
    ],
    [
      6,
      0.8444535447203595
    ],
    [
      7,
      0.4880600895284142
    ],
    [
      8,
      0.4775229110016691
    ],
    [
      9,
      0.5523777713550824
    ],
    [
      10,
      0.572735334313121
    ],
    [
      11,
      0.5425361167833915
    ],
    [
      12,
      0.5268662940857542
    ],
    [
      13,
      0.41813661186965473
    ],
    [
      14,
      0.35196424717199476
    ],
    [
      15,
      0.7765885260092127
    ],
    [
      16,
      0.6738050489226489
    ],
    [
      17,
      0.4068994736662822
    ],
    [
      18,
      0.36084497296258095
    ],
    [
      19,
      0.5287442705119251
    ],
    [
      20,
      0.42421180183846985
    ],
    [
      21,
      0.3285778174046777
    ],
    [
      22,
      0.4004679403797855
    ],
    [
      23,
      0.6666817539616635
    ],
    [
      24,
      0.34834428101260373
    ],
    [
      25,
      0.6436968383894827
    ],
    [
      26,
      0.46095780198039543
    ],
    [
      27,
      0.5663462965620365
    ],
    [
      28,
      0.774001440268569
    ],
    [
      29,
      0.548875240708318
    ],
    [
      30,
      0.49188868456812046
    ]
  ],
  "metrics_distributed": [
    [
      1,
      {
        "val_accuracy": 0.3597535215600275
      }
    ],
    [
      2,
      {
        "val_accuracy": 0.6239456902706562
      }
    ],
    [
      3,
      {
        "val_accuracy": 0.7265197334700153
      }
    ],
    [
      4,
      {
        "val_accuracy": 0.6811809865895657
      }
    ],
    [
      5,
      {
        "val_accuracy": 0.787935426625068
      }
    ],
    [
      6,
      {
        "val_accuracy": 0.642204727111298
      }
    ],
    [
      7,
      {
        "val_accuracy": 0.8205796749939365
      }
    ],
    [
      8,
      {
        "val_accuracy": 0.8112340809196439
      }
    ],
    [
      9,
      {
        "val_accuracy": 0.7758836145298098
      }
    ],
    [
      10,
      {
        "val_accuracy": 0.7918250694084483
      }
    ],
    [
      11,
      {
        "val_accuracy": 0.8316861190633487
      }
    ],
    [
      12,
      {
        "val_accuracy": 0.7748676508142298
      }
    ],
    [
      13,
      {
        "val_accuracy": 0.8530334020122419
      }
    ],
    [
      14,
      {
        "val_accuracy": 0.8740015300497266
      }
    ],
    [
      15,
      {
        "val_accuracy": 0.7066355186639495
      }
    ],
    [
      16,
      {
        "val_accuracy": 0.7369197186514673
      }
    ],
    [
      17,
      {
        "val_accuracy": 0.8536209597864562
      }
    ],
    [
      18,
      {
        "val_accuracy": 0.862974525619451
      }
    ],
    [
      19,
      {
        "val_accuracy": 0.7773813545793067
      }
    ],
    [
      20,
      {
        "val_accuracy": 0.8404643299898569
      }
    ],
    [
      21,
      {
        "val_accuracy": 0.8908588240788307
      }
    ],
    [
      22,
      {
        "val_accuracy": 0.8492506303331313
      }
    ],
    [
      23,
      {
        "val_accuracy": 0.715548330304407
      }
    ],
    [
      24,
      {
        "val_accuracy": 0.8752135567432355
      }
    ],
    [
      25,
      {
        "val_accuracy": 0.7066371253971435
      }
    ],
    [
      26,
      {
        "val_accuracy": 0.8378947097802544
      }
    ],
    [
      27,
      {
        "val_accuracy": 0.7890853562039555
      }
    ],
    [
      28,
      {
        "val_accuracy": 0.6966809421841542
      }
    ],
    [
      29,
      {
        "val_accuracy": 0.7637950622368337
      }
    ],
    [
      30,
      {
        "val_accuracy": 0.8279521889400921
      }
    ]
  ],
  "metrics_distributed_fit": [
    [
      1,
      {
        "train_loss": 1.2863086752833859,
        "train_accuracy": 0.552810688177464
      }
    ],
    [
      2,
      {
        "train_loss": 0.7370358187299484,
        "train_accuracy": 0.7403999340714743
      }
    ],
    [
      3,
      {
        "train_loss": 0.5855980407353724,
        "train_accuracy": 0.8036199606855932
      }
    ],
    [
      4,
      {
        "train_loss": 0.5178798907476666,
        "train_accuracy": 0.8053348716044216
      }
    ],
    [
      5,
      {
        "train_loss": 0.480080880402401,
        "train_accuracy": 0.8326671891357074
      }
    ],
    [
      6,
      {
        "train_loss": 0.5454893463553107,
        "train_accuracy": 0.8060006524470914
      }
    ],
    [
      7,
      {
        "train_loss": 0.44725660810940876,
        "train_accuracy": 0.8516612293564201
      }
    ],
    [
      8,
      {
        "train_loss": 0.4763592281158498,
        "train_accuracy": 0.8338054190420842
      }
    ],
    [
      9,
      {
        "train_loss": 0.5410165288571339,
        "train_accuracy": 0.8154031586263467
      }
    ],
    [
      10,
      {
        "train_loss": 0.4486177795553266,
        "train_accuracy": 0.8491530895673268
      }
    ],
    [
      11,
      {
        "train_loss": 0.4547148294967991,
        "train_accuracy": 0.8557889507359313
      }
    ],
    [
      12,
      {
        "train_loss": 0.45252967462112353,
        "train_accuracy": 0.8597239011180539
      }
    ],
    [
      13,
      {
        "train_loss": 0.5134253870051274,
        "train_accuracy": 0.8277487635989997
      }
    ],
    [
      14,
      {
        "train_loss": 0.4595341182203036,
        "train_accuracy": 0.859766204126522
      }
    ],
    [
      15,
      {
        "train_loss": 0.48257390299197717,
        "train_accuracy": 0.8368111085086891
      }
    ],
    [
      16,
      {
        "train_loss": 0.5401903416346899,
        "train_accuracy": 0.8177670776003899
      }
    ],
    [
      17,
      {
        "train_loss": 0.4683053970606601,
        "train_accuracy": 0.8526140061810423
      }
    ],
    [
      18,
      {
        "train_loss": 0.5038921770620877,
        "train_accuracy": 0.8383779540620778
      }
    ],
    [
      19,
      {
        "train_loss": 0.5674416539897643,
        "train_accuracy": 0.8018062754340526
      }
    ],
    [
      20,
      {
        "train_loss": 0.4818607336360547,
        "train_accuracy": 0.8569924712375313
      }
    ],
    [
      21,
      {
        "train_loss": 0.4202966867250976,
        "train_accuracy": 0.8742900058324065
      }
    ],
    [
      22,
      {
        "train_loss": 0.4244388198466773,
        "train_accuracy": 0.8779251021462429
      }
    ],
    [
      23,
      {
        "train_loss": 0.5315830856396063,
        "train_accuracy": 0.8233274848295973
      }
    ],
    [
      24,
      {
        "train_loss": 0.48647923191245807,
        "train_accuracy": 0.8535532838377113
      }
    ],
    [
      25,
      {
        "train_loss": 0.4229966470319539,
        "train_accuracy": 0.8848870938747943
      }
    ],
    [
      26,
      {
        "train_loss": 0.462036272291642,
        "train_accuracy": 0.8593368280910619
      }
    ],
    [
      27,
      {
        "train_loss": 0.4630714098548479,
        "train_accuracy": 0.8599354929841524
      }
    ],
    [
      28,
      {
        "train_loss": 0.5203983632907256,
        "train_accuracy": 0.8307345039133659
      }
    ],
    [
      29,
      {
        "train_loss": 0.4749248088033043,
        "train_accuracy": 0.8596231030794437
      }
    ],
    [
      30,
      {
        "train_loss": 0.5857288264563842,
        "train_accuracy": 0.8104878143680478
      }
    ]
  ]
}