{
  "losses_distributed": [
    [
      1,
      0.6624038532661025
    ],
    [
      2,
      0.7628935541009535
    ],
    [
      3,
      0.552602192543555
    ],
    [
      4,
      0.49439278946393483
    ],
    [
      5,
      0.7243927464121549
    ],
    [
      6,
      1.1205264389824339
    ],
    [
      7,
      0.5550678777584648
    ],
    [
      8,
      0.5422201536566138
    ],
    [
      9,
      0.5917929952665885
    ],
    [
      10,
      0.7034499187425524
    ],
    [
      11,
      0.4478940738610352
    ],
    [
      12,
      0.6086193276856553
    ],
    [
      13,
      0.4343526052199688
    ],
    [
      14,
      0.549117489768128
    ],
    [
      15,
      0.8422904013607868
    ],
    [
      16,
      0.4921141578313111
    ],
    [
      17,
      0.5744973528064645
    ],
    [
      18,
      0.7567804492619085
    ],
    [
      19,
      0.6231802993101879
    ],
    [
      20,
      0.8662174440630137
    ],
    [
      21,
      0.5059645058848161
    ],
    [
      22,
      0.9693716555886132
    ],
    [
      23,
      0.7847019428117269
    ],
    [
      24,
      0.5599503876506419
    ],
    [
      25,
      0.546733940495719
    ],
    [
      26,
      1.2619457866388737
    ],
    [
      27,
      0.8441280453984497
    ],
    [
      28,
      0.8249673704751544
    ],
    [
      29,
      0.9897028903882609
    ],
    [
      30,
      0.6057546400360028
    ],
    [
      31,
      0.8033567816370667
    ],
    [
      32,
      0.7167573100611155
    ],
    [
      33,
      0.4162371089296826
    ],
    [
      34,
      0.548689475920176
    ],
    [
      35,
      0.5873979399397318
    ],
    [
      36,
      0.560875815413605
    ],
    [
      37,
      0.6478175080916732
    ],
    [
      38,
      0.489209055408989
    ],
    [
      39,
      0.6436847918157678
    ],
    [
      40,
      0.5749899654189258
    ],
    [
      41,
      0.6380312554066694
    ],
    [
      42,
      0.7521278124067629
    ],
    [
      43,
      0.43717808658960067
    ],
    [
      44,
      0.4599534111013221
    ],
    [
      45,
      1.0122843423020949
    ],
    [
      46,
      0.4756724736985769
    ],
    [
      47,
      0.45174907965142885
    ],
    [
      48,
      0.5308487000481066
    ],
    [
      49,
      0.46691951004352544
    ],
    [
      50,
      1.1100753083157895
    ]
  ],
  "metrics_distributed": [
    [
      1,
      {
        "val_accuracy": 0.7452439986475825
      }
    ],
    [
      2,
      {
        "val_accuracy": 0.6817701900812547
      }
    ],
    [
      3,
      {
        "val_accuracy": 0.7952836128117743
      }
    ],
    [
      4,
      {
        "val_accuracy": 0.7729986300505285
      }
    ],
    [
      5,
      {
        "val_accuracy": 0.7325823686749342
      }
    ],
    [
      6,
      {
        "val_accuracy": 0.623726278730286
      }
    ],
    [
      7,
      {
        "val_accuracy": 0.766526666335305
      }
    ],
    [
      8,
      {
        "val_accuracy": 0.7995624046018297
      }
    ],
    [
      9,
      {
        "val_accuracy": 0.7645750932557482
      }
    ],
    [
      10,
      {
        "val_accuracy": 0.7306473003501746
      }
    ],
    [
      11,
      {
        "val_accuracy": 0.8232194046306505
      }
    ],
    [
      12,
      {
        "val_accuracy": 0.8267961194884961
      }
    ],
    [
      13,
      {
        "val_accuracy": 0.8596537161122907
      }
    ],
    [
      14,
      {
        "val_accuracy": 0.8339683833330984
      }
    ],
    [
      15,
      {
        "val_accuracy": 0.6281603333405672
      }
    ],
    [
      16,
      {
        "val_accuracy": 0.7948838780808762
      }
    ],
    [
      17,
      {
        "val_accuracy": 0.7806508128731384
      }
    ],
    [
      18,
      {
        "val_accuracy": 0.7376687705121359
      }
    ],
    [
      19,
      {
        "val_accuracy": 0.7366707844494256
      }
    ],
    [
      20,
      {
        "val_accuracy": 0.6932965550729719
      }
    ],
    [
      21,
      {
        "val_accuracy": 0.8207644888619063
      }
    ],
    [
      22,
      {
        "val_accuracy": 0.5830851835605344
      }
    ],
    [
      23,
      {
        "val_accuracy": 0.70269463982537
      }
    ],
    [
      24,
      {
        "val_accuracy": 0.7857070151099315
      }
    ],
    [
      25,
      {
        "val_accuracy": 0.7859471344194198
      }
    ],
    [
      26,
      {
        "val_accuracy": 0.6906381556536774
      }
    ],
    [
      27,
      {
        "val_accuracy": 0.6745357977178644
      }
    ],
    [
      28,
      {
        "val_accuracy": 0.6580602916625602
      }
    ],
    [
      29,
      {
        "val_accuracy": 0.6299639219015281
      }
    ],
    [
      30,
      {
        "val_accuracy": 0.7777213269599565
      }
    ],
    [
      31,
      {
        "val_accuracy": 0.6350748311245957
      }
    ],
    [
      32,
      {
        "val_accuracy": 0.7279948602512714
      }
    ],
    [
      33,
      {
        "val_accuracy": 0.8263467242262839
      }
    ],
    [
      34,
      {
        "val_accuracy": 0.8210908420718628
      }
    ],
    [
      35,
      {
        "val_accuracy": 0.8178955665828015
      }
    ],
    [
      36,
      {
        "val_accuracy": 0.8085974860823963
      }
    ],
    [
      37,
      {
        "val_accuracy": 0.7558009997888833
      }
    ],
    [
      38,
      {
        "val_accuracy": 0.8478742806829974
      }
    ],
    [
      39,
      {
        "val_accuracy": 0.7376347235377344
      }
    ],
    [
      40,
      {
        "val_accuracy": 0.8037327188940092
      }
    ],
    [
      41,
      {
        "val_accuracy": 0.7653175716289321
      }
    ],
    [
      42,
      {
        "val_accuracy": 0.7445728236531872
      }
    ],
    [
      43,
      {
        "val_accuracy": 0.8311936908483191
      }
    ],
    [
      44,
      {
        "val_accuracy": 0.8202304074882434
      }
    ],
    [
      45,
      {
        "val_accuracy": 0.5988647189973875
      }
    ],
    [
      46,
      {
        "val_accuracy": 0.8018265512984011
      }
    ],
    [
      47,
      {
        "val_accuracy": 0.8502573887999186
      }
    ],
    [
      48,
      {
        "val_accuracy": 0.797187303326895
      }
    ],
    [
      49,
      {
        "val_accuracy": 0.8484875382872131
      }
    ],
    [
      50,
      {
        "val_accuracy": 0.5321284562211981
      }
    ]
  ],
  "metrics_distributed_fit": [
    [
      1,
      {
        "train_loss": 1.0607217252254486,
        "train_accuracy": 0.6569793042712462
      }
    ],
    [
      2,
      {
        "train_loss": 0.5930671196297399,
        "train_accuracy": 0.7962806728433511
      }
    ],
    [
      3,
      {
        "train_loss": 0.5385703671370672,
        "train_accuracy": 0.8193750314798582
      }
    ],
    [
      4,
      {
        "train_loss": 0.5202978339969403,
        "train_accuracy": 0.8229552850694233
      }
    ],
    [
      5,
      {
        "train_loss": 0.4911123943094177,
        "train_accuracy": 0.8280930104285886
      }
    ],
    [
      6,
      {
        "train_loss": 0.4100519245637261,
        "train_accuracy": 0.8651815528013931
      }
    ],
    [
      7,
      {
        "train_loss": 0.38388601237674547,
        "train_accuracy": 0.8822864251173874
      }
    ],
    [
      8,
      {
        "train_loss": 0.4431138774050529,
        "train_accuracy": 0.8581036234675504
      }
    ],
    [
      9,
      {
        "train_loss": 0.5936420126597218,
        "train_accuracy": 0.7832410145340367
      }
    ],
    [
      10,
      {
        "train_loss": 0.5039125014403601,
        "train_accuracy": 0.8326170846679806
      }
    ],
    [
      11,
      {
        "train_loss": 0.4338511111184773,