{
  "losses_distributed": [
    [
      1,
      2.024717161213598
    ],
    [
      2,
      1.679195956574055
    ],
    [
      3,
      1.374476727638536
    ],
    [
      4,
      1.2858966411354147
    ],
    [
      5,
      1.1721095904491252
    ],
    [
      6,
      1.087106533891762
    ],
    [
      7,
      1.1057139554805344
    ],
    [
      8,
      1.032451791014826
    ],
    [
      9,
      1.027348164319992
    ],
    [
      10,
      1.0121288444301493
    ],
    [
      11,
      0.8973686712226648
    ],
    [
      12,
      1.10326119998915
    ],
    [
      13,
      0.9003866543453839
    ],
    [
      14,
      0.9704456113302222
    ],
    [
      15,
      0.9282691457415321
    ],
    [
      16,
      0.8874352778487136
    ],
    [
      17,
      0.9343740336030107
    ],
    [
      18,
      0.8583862716439127
    ],
    [
      19,
      1.0484978358960666
    ],
    [
      20,
      0.9093716704206541
    ],
    [
      21,
      0.8748985430149823
    ],
    [
      22,
      0.765459470786714
    ],
    [
      23,
      0.8064355621714602
    ],
    [
      24,
      0.754350623112888
    ],
    [
      25,
      0.875815292513118
    ],
    [
      26,
      0.7832320782424983
    ],
    [
      27,
      0.6904434561729431
    ],
    [
      28,
      0.7942000862951233
    ],
    [
      29,
      0.8078307421265869
    ],
    [
      30,
      0.7770649994456903
    ],
    [
      31,
      0.7250859833126438
    ],
    [
      32,
      0.7534508573336588
    ],
    [
      33,
      0.622647310603668
    ],
    [
      34,
      0.6220879819553732
    ],
    [
      35,
      0.643431518245582
    ],
    [
      36,
      0.6617300184549666
    ],
    [
      37,
      0.6970907164983308
    ],
    [
      38,
      0.7129197844758106
    ],
    [
      39,
      0.5941696238128384
    ],
    [
      40,
      0.7003900504073727
    ],
    [
      41,
      0.6719410899651966
    ],
    [
      42,
      0.7297125246548076
    ],
    [
      43,
      0.7220573230741425
    ],
    [
      44,
      0.6465158109558361
    ],
    [
      45,
      0.6506396280400498
    ],
    [
      46,
      0.6171037814277687
    ],
    [
      47,
      0.7096712812144014
    ],
    [
      48,
      0.6300824997365339
    ],
    [
      49,
      0.5960563449209871
    ],
    [
      50,
      0.5980035229547195
    ]
  ],
  "metrics_distributed": [
    [
      1,
      {
        "val_accuracy": 0.3263124687861553
      }
    ],
    [
      2,
      {
        "val_accuracy": 0.3298445205669658
      }
    ],
    [
      3,
      {
        "val_accuracy": 0.45095305869125835
      }
    ],
    [
      4,
      {
        "val_accuracy": 0.5048697241154787
      }
    ],
    [
      5,
      {
        "val_accuracy": 0.5331587790991696
      }
    ],
    [
      6,
      {
        "val_accuracy": 0.5834506058065065
      }
    ],
    [
      7,
      {
        "val_accuracy": 0.5588808656431608
      }
    ],
    [
      8,
      {
        "val_accuracy": 0.5765853582016973
      }
    ],
    [
      9,
      {
        "val_accuracy": 0.6519515630311958
      }
    ],
    [
      10,
      {
        "val_accuracy": 0.598700573209463
      }
    ],
    [
      11,
      {
        "val_accuracy": 0.6820452368673101
      }
    ],
    [
      12,
      {
        "val_accuracy": 0.5191189697913696
      }
    ],
    [
      13,
      {
        "val_accuracy": 0.6479583880214331
      }
    ],
    [
      14,
      {
        "val_accuracy": 0.6205439952419309
      }
    ],
    [
      15,
      {
        "val_accuracy": 0.623174943580664
      }
    ],
    [
      16,
      {
        "val_accuracy": 0.657091632816196
      }
    ],
    [
      17,
      {
        "val_accuracy": 0.6475626923212959
      }
    ],
    [
      18,
      {
        "val_accuracy": 0.6549414278346717
      }
    ],
    [
      19,
      {
        "val_accuracy": 0.6168954375921589
      }
    ],
    [
      20,
      {
        "val_accuracy": 0.6421121324117072
      }
    ],
    [
      21,
      {
        "val_accuracy": 0.6765155131851475
      }
    ],
    [
      22,
      {
        "val_accuracy": 0.6704368434133927
      }
    ],
    [
      23,
      {
        "val_accuracy": 0.6513575967648757
      }
    ],
    [
      24,
      {
        "val_accuracy": 0.6978400952707222
      }
    ],
    [
      25,
      {
        "val_accuracy": 0.6055826440365111
      }
    ],
    [
      26,
      {
        "val_accuracy": 0.6910312437211171
      }
    ],
    [
      27,
      {
        "val_accuracy": 0.759620596205962
      }
    ],
    [
      28,
      {
        "val_accuracy": 0.6887756733388799
      }
    ],
    [
      29,
      {
        "val_accuracy": 0.6791381785884554
      }
    ],
    [
      30,
      {
        "val_accuracy": 0.6906518586637429
      }
    ],
    [
      31,
      {
        "val_accuracy": 0.7077333648776047
      }
    ],
    [
      32,
      {
        "val_accuracy": 0.7290631619487773
      }
    ],
    [
      33,
      {
        "val_accuracy": 0.7732438529650894
      }
    ],
    [
      34,
      {
        "val_accuracy": 0.7672718968397474
      }
    ],
    [
      35,
      {
        "val_accuracy": 0.7741464260856504
      }
    ],
    [
      36,
      {
        "val_accuracy": 0.7591741405082213
      }
    ],
    [
      37,
      {
        "val_accuracy": 0.7284433055733504
      }
    ],
    [
      38,
      {
        "val_accuracy": 0.7019805834280044
      }
    ],
    [
      39,
      {
        "val_accuracy": 0.7806760893526188
      }
    ],
    [
      40,
      {
        "val_accuracy": 0.7361490399517121
      }
    ],
    [
      41,
      {
        "val_accuracy": 0.7215228474172144
      }
    ],
    [
      42,
      {
        "val_accuracy": 0.7074333300086875
      }
    ],
    [
      43,
      {
        "val_accuracy": 0.6974053339650637
      }
    ],
    [
      44,
      {
        "val_accuracy": 0.7566410170625627
      }
    ],
    [
      45,
      {
        "val_accuracy": 0.7458537665829907
      }
    ],
    [
      46,
      {
        "val_accuracy": 0.7742626403284124
      }
    ],
    [
      47,
      {
        "val_accuracy": 0.6984125662568588
      }
    ],
    [
      48,
      {
        "val_accuracy": 0.7479488457066932
      }
    ],
    [
      49,
      {
        "val_accuracy": 0.7767612805478707
      }
    ],
    [
      50,
      {
        "val_accuracy": 0.7849136920077153
      }
    ]
  ],
  "metrics_distributed_fit": [
    [
      1,
      {
        "train_loss": 2.165539037409446,
        "train_accuracy": 0.2624802349220691
      }
    ],
    [
      2,
      {
        "train_loss": 1.7945517067391685,
        "train_accuracy": 0.36958023194964484
      }
    ],
    [
      3,
      {
        "train_loss": 1.6356356920631487,
        "train_accuracy": 0.3883121774810222
      }
    ],
    [
      4,
      {
        "train_loss": 1.5297401748802173,
        "train_accuracy": 0.4282261952455586
      }
    ],
    [
      5,
      {
        "train_loss": 1.4504064170374877,
        "train_accuracy": 0.46331405865661324
      }
    ],
    [
      6,
      {
        "train_loss": 1.397631736505525,
        "train_accuracy": 0.4875187022600205
      }
    ],
    [
      7,
      {
        "train_loss": 1.327131486953367,
        "train_accuracy": 0.48769114488825593
      }
    ],
    [
      8,
      {
        "train_loss": 1.2539867694695612,
        "train_accuracy": 0.5416692503369844
      }
    ],
    [
      9,
      {
        "train_loss": 1.2673627541219588,
        "train_accuracy": 0.5264728624330134
      }
    ],
    [
      10,
      {
        "train_loss": 1.2766414989093726,
        "train_accuracy": 0.5247180285150286
      }
    ],
    [
      11,
      {
        "train_loss": 1.2859173987940478,