{
  "losses_distributed": [
    [
      1,
      3.0727489361877383
    ],
    [
      2,
      0.9799826009693572
    ],
    [
      3,
      0.7331020848351567
    ],
    [
      4,
      0.8359541395553073
    ],
    [
      5,
      0.3845188558596201
    ],
    [
      6,
      0.5802881121375155
    ],
    [
      7,
      0.47938393683667474
    ],
    [
      8,
      0.3646327079826078
    ],
    [
      9,
      0.5788287489546252
    ],
    [
      10,
      0.8255405048187593
    ],
    [
      11,
      0.28128305567405004
    ],
    [
      12,
      0.7173298695302607
    ],
    [
      13,
      0.5203011834949273
    ],
    [
      14,
      0.7418236041118547
    ],
    [
      15,
      0.2909735075382463
    ],
    [
      16,
      0.5652772264317188
    ],
    [
      17,
      0.3127400397200521
    ],
    [
      18,
      0.30802230036884304
    ],
    [
      19,
      0.3863488898180111
    ],
    [
      20,
      0.7761674891417181
    ],
    [
      21,
      0.6553940952297078
    ],
    [
      22,
      0.4689712296983363
    ],
    [
      23,
      0.42190235957549355
    ],
    [
      24,
      0.6820550968057747
    ],
    [
      25,
      0.4078693832059305
    ],
    [
      26,
      0.49826019536905847
    ],
    [
      27,
      0.6118186955905872
    ],
    [
      28,
      0.5917620332507435
    ],
    [
      29,
      0.6053072702264412
    ],
    [
      30,
      0.7221234686929362
    ],
    [
      31,
      0.44930950586754065
    ],
    [
      32,
      0.3761124257328584
    ],
    [
      33,
      0.5905010098711067
    ],
    [
      34,
      0.41527314695085676
    ],
    [
      35,
      0.3649905180538676
    ],
    [
      36,
      0.6087074768408197
    ],
    [
      37,
      0.5210178073141374
    ],
    [
      38,
      0.5849169035598255
    ],
    [
      39,
      0.33334204397951367
    ],
    [
      40,
      0.41240884294088115
    ],
    [
      41,
      0.5395214782547705
    ],
    [
      42,
      0.3727925528516973
    ],
    [
      43,
      0.4477548836555515
    ],
    [
      44,
      0.6499541321956435
    ],
    [
      45,
      0.4882831881280805
    ],
    [
      46,
      0.5172361088936862
    ],
    [
      47,
      0.3986596857176035
    ],
    [
      48,
      0.7506784796714783
    ],
    [
      49,
      0.5981528609672446
    ],
    [
      50,
      0.306834455638822
    ]
  ],
  "metrics_distributed": [
    [
      1,
      {
        "val_accuracy": 0.4927116016032975
      }
    ],
    [
      2,
      {
        "val_accuracy": 0.4972406857024969
      }
    ],
    [
      3,
      {
        "val_accuracy": 0.7068385557751506
      }
    ],
    [
      4,
      {
        "val_accuracy": 0.5511415265788278
      }
    ],
    [
      5,
      {
        "val_accuracy": 0.8268584340915766
      }
    ],
    [
      6,
      {
        "val_accuracy": 0.7117820840996074
      }
    ],
    [
      7,
      {
        "val_accuracy": 0.7687978401560153
      }
    ],
    [
      8,
      {
        "val_accuracy": 0.7884380588603439
      }
    ],
    [
      9,
      {
        "val_accuracy": 0.7879673200493282
      }
    ],
    [
      10,
      {
        "val_accuracy": 0.6950569973320397
      }
    ],
    [
      11,
      {
        "val_accuracy": 0.8918043015488513
      }
    ],
    [
      12,
      {
        "val_accuracy": 0.7409096599404299
      }
    ],
    [
      13,
      {
        "val_accuracy": 0.818480198632294
      }
    ],
    [
      14,
      {
        "val_accuracy": 0.7170544225322926
      }
    ],
    [
      15,
      {
        "val_accuracy": 0.895297744133541
      }
    ],
    [
      16,
      {
        "val_accuracy": 0.7847102300200318
      }
    ],
    [
      17,
      {
        "val_accuracy": 0.8904923649149032
      }
    ],
    [
      18,
      {
        "val_accuracy": 0.8997454817167141
      }
    ],
    [
      19,
      {
        "val_accuracy": 0.8622361409829331
      }
    ],
    [
      20,
      {
        "val_accuracy": 0.6939522390302545
      }
    ],
    [
      21,
      {
        "val_accuracy": 0.7167715007189347
      }
    ],
    [
      22,
      {
        "val_accuracy": 0.8081971561969439
      }
    ],
    [
      23,
      {
        "val_accuracy": 0.8379796264855688
      }
    ],
    [
      24,
      {
        "val_accuracy": 0.7192477723285211
      }
    ],
    [
      25,
      {
        "val_accuracy": 0.8588509723054979
      }
    ],
    [
      26,
      {
        "val_accuracy": 0.8194185078069794
      }
    ],
    [
      27,
      {
        "val_accuracy": 0.711120611667891
      }
    ],
    [
      28,
      {
        "val_accuracy": 0.7982826949002487
      }
    ],
    [
      29,
      {
        "val_accuracy": 0.7234930157911583
      }
    ],
    [
      30,
      {
        "val_accuracy": 0.7153577332054841
      }
    ],
    [
      31,
      {
        "val_accuracy": 0.8147771646859083
      }
    ],
    [
      32,
      {
        "val_accuracy": 0.8804922049210921
      }
    ],
    [
      33,
      {
        "val_accuracy": 0.7845420979315818
      }
    ],
    [
      34,
      {
        "val_accuracy": 0.8490652725491037
      }
    ],
    [
      35,
      {
        "val_accuracy": 0.8634011840077853
      }
    ],
    [
      36,
      {
        "val_accuracy": 0.7281642614601018
      }
    ],
    [
      37,
      {
        "val_accuracy": 0.7449401055432611
      }
    ],
    [
      38,
      {
        "val_accuracy": 0.7349478433565355
      }
    ],
    [
      39,
      {
        "val_accuracy": 0.8440772912985781
      }
    ],
    [
      40,
      {
        "val_accuracy": 0.8646155711860296
      }
    ],
    [
      41,
      {
        "val_accuracy": 0.7826544967822997
      }
    ],
    [
      42,
      {
        "val_accuracy": 0.8562882166896439
      }
    ],
    [
      43,
      {
        "val_accuracy": 0.8301985828011547
      }
    ],
    [
      44,
      {
        "val_accuracy": 0.6883706011730205
      }
    ],
    [
      45,
      {
        "val_accuracy": 0.7826848525802894
      }
    ],
    [
      46,
      {
        "val_accuracy": 0.8287352779933148
      }
    ],
    [
      47,
      {
        "val_accuracy": 0.8496070623450886
      }
    ],
    [
      48,
      {
        "val_accuracy": 0.6676774355812293
      }
    ],
    [
      49,
      {
        "val_accuracy": 0.7496632375431234
      }
    ],
    [
      50,
      {
        "val_accuracy": 0.8916155051354959
      }
    ]
  ],
  "metrics_distributed_fit": [
    [
      1,
      {
        "train_loss": 1.3204761672828158,
        "train_accuracy": 0.6332708277524779
      }
    ],
    [
      2,
      {
        "train_loss": 0.8726191971781976,
        "train_accuracy": 0.706182568036753
      }
    ],
    [
      3,
      {
        "train_loss": 0.6053846681337366,
        "train_accuracy": 0.7904735795474651
      }
    ],
    [
      4,
      {
        "train_loss": 0.4455685364523741,
        "train_accuracy": 0.8545028334956467
      }
    ],
    [
      5,
      {
        "train_loss": 0.4886629194216776,
        "train_accuracy": 0.824896206486151
      }
    ],
    [
      6,
      {
        "train_loss": 0.430172808286069,
        "train_accuracy": 0.8484830285420947
      }
    ],
    [
      7,
      {
        "train_loss": 0.46280761927399755,
        "train_accuracy": 0.8231719644307963
      }
    ],
    [
      8,
      {
        "train_loss": 0.344953183696522,
        "train_accuracy": 0.8880761140889838
      }
    ],
    [
      9,
      {
        "train_loss": 0.39198586077982706,
        "train_accuracy": 0.8781954888487862
      }
    ],
    [
      10,
      {
        "train_loss": 0.4225210388911789,
        "train_accuracy": 0.8549171836062791
      }
    ],
    [
      11,
      {
        "train_loss": 0.47970895826086796,