{
  "losses_distributed": [
    [
      1,
      0.6483178586234007
    ],
    [
      2,
      1.3403829229734279
    ],
    [
      3,
      0.6499828417810665
    ],
    [
      4,
      0.7199659332942945
    ],
    [
      5,
      0.6948539234429404
    ],
    [
      6,
      0.5945681421313245
    ],
    [
      7,
      0.7104857348741183
    ],
    [
      8,
      0.5059196844518006
    ],
    [
      9,
      0.5474171780999002
    ],
    [
      10,
      0.4822649641591952
    ],
    [
      11,
      0.6174877202949366
    ],
    [
      12,
      0.6504654378044099
    ],
    [
      13,
      0.419888104960884
    ],
    [
      14,
      0.4773004830606907
    ],
    [
      15,
      0.5329801242597024
    ],
    [
      16,
      0.6263366584597511
    ],
    [
      17,
      0.5290180583718116
    ],
    [
      18,
      0.5365504505918401
    ],
    [
      19,
      0.38098157997972154
    ],
    [
      20,
      0.5019560723646626
    ],
    [
      21,
      0.6702295909593771
    ],
    [
      22,
      0.5439469372699415
    ],
    [
      23,
      0.45622026700620266
    ],
    [
      24,
      0.47574063352648643
    ],
    [
      25,
      0.6037855254184162
    ],
    [
      26,
      0.514760302799242
    ],
    [
      27,
      0.6934139617382699
    ],
    [
      28,
      0.4900601356972836
    ],
    [
      29,
      0.7227916567737519
    ],
    [
      30,
      0.5935121157914975
    ]
  ],
  "metrics_distributed": [
    [
      1,
      {
        "val_accuracy": 0.7544539870035756
      }
    ],
    [
      2,
      {
        "val_accuracy": 0.7413576197028036
      }
    ],
    [
      3,
      {
        "val_accuracy": 0.7426363833725602
      }
    ],
    [
      4,
      {
        "val_accuracy": 0.74752602606679
      }
    ],
    [
      5,
      {
        "val_accuracy": 0.7662991354714027
      }
    ],
    [
      6,
      {
        "val_accuracy": 0.7714144611369491
      }
    ],
    [
      7,
      {
        "val_accuracy": 0.7600386331669042
      }
    ],
    [
      8,
      {
        "val_accuracy": 0.8301090002406559
      }
    ],
    [
      9,
      {
        "val_accuracy": 0.7843104976032963
      }
    ],
    [
      10,
      {
        "val_accuracy": 0.8373942172314416
      }
    ],
    [
      11,
      {
        "val_accuracy": 0.7428760307270431
      }
    ],
    [
      12,
      {
        "val_accuracy": 0.7614315237152787
      }
    ],
    [
      13,
      {
        "val_accuracy": 0.8400815627733518
      }
    ],
    [
      14,
      {
        "val_accuracy": 0.8116551008799813
      }
    ],
    [
      15,
      {
        "val_accuracy": 0.8081069850090239
      }
    ],
    [
      16,
      {
        "val_accuracy": 0.7756603197365093
      }
    ],
    [
      17,
      {
        "val_accuracy": 0.7914399667987139
      }
    ],
    [
      18,
      {
        "val_accuracy": 0.8110804187370351
      }
    ],
    [
      19,
      {
        "val_accuracy": 0.8612396666417416
      }
    ],
    [
      20,
      {
        "val_accuracy": 0.8314506716514882
      }
    ],
    [
      21,
      {
        "val_accuracy": 0.7737230570961728
      }
    ],
    [
      22,
      {
        "val_accuracy": 0.8083629668837595
      }
    ],
    [
      23,
      {
        "val_accuracy": 0.8297201458828253
      }
    ],
    [
      24,
      {
        "val_accuracy": 0.823637629016996
      }
    ],
    [
      25,
      {
        "val_accuracy": 0.7507954938093667
      }
    ],
    [
      26,
      {
        "val_accuracy": 0.8110077365347759
      }
    ],
    [
      27,
      {
        "val_accuracy": 0.7798837603082223
      }
    ],
    [
      28,
      {
        "val_accuracy": 0.817339873591671
      }
    ],
    [
      29,
      {
        "val_accuracy": 0.7594412391098797
      }
    ],
    [
      30,
      {
        "val_accuracy": 0.7753020504913355
      }
    ]
  ],
  "metrics_distributed_fit": [
    [
      1,
      {
        "train_loss": 0.9678661572554755,
        "train_accuracy": 0.6651746860624145
      }
    ],
    [
      2,
      {
        "train_loss": 0.4752233473263381,
        "train_accuracy": 0.846929422548121
      }
    ],
    [
      3,
      {
        "train_loss": 0.6067965543932385,
        "train_accuracy": 0.7847817978366282
      }
    ],
    [
      4,
      {
        "train_loss": 0.5331858669126791,
        "train_accuracy": 0.8222056446599527
      }
    ],
    [
      5,
      {
        "train_loss": 0.5136800256395151,
        "train_accuracy": 0.824816610717394
      }
    ],
    [
      6,
      {
        "train_loss": 0.49739945413810865,
        "train_accuracy": 0.8311575282854656
      }
    ],
    [
      7,
      {
        "train_loss": 0.5702361568858728,
        "train_accuracy": 0.7995789473684211
      }
    ],
    [
      8,
      {
        "train_loss": 0.5386006817534253,
        "train_accuracy": 0.8216316710411199
      }
    ],
    [
      9,
      {
        "train_loss": 0.5701864307075237,
        "train_accuracy": 0.7964210526315789
      }
    ],
    [
      10,
      {
        "train_loss": 0.537124153330818,
        "train_accuracy": 0.8192257217847769
      }
    ],
    [
      11,
      {
        "train_loss": 0.545349505626493,
        "train_accuracy": 0.8233246301131418
      }
    ],
    [
      12,
      {
        "train_loss": 0.5466879187595277,
        "train_accuracy": 0.8232002983961209
      }
    ],
    [
      13,
      {
        "train_loss": 0.5228295191288828,
        "train_accuracy": 0.8264435695538058
      }
    ],
    [
      14,
      {
        "train_loss": 0.5665369448701137,
        "train_accuracy": 0.8133343928798474
      }
    ],
    [
      15,
      {
        "train_loss": 0.5267628205718694,
        "train_accuracy": 0.819663167104112
      }
    ],
    [
      16,
      {
        "train_loss": 0.535512106404418,
        "train_accuracy": 0.8210866592067636
      }
    ],
    [
      17,
      {
        "train_loss": 0.5372691697307995,
        "train_accuracy": 0.8229516349620788
      }
    ],
    [
      18,
      {
        "train_loss": 0.5945981825240935,
        "train_accuracy": 0.7981052631578948
      }
    ],
    [
      19,
      {
        "train_loss": 0.557612520259649,
        "train_accuracy": 0.8226319135410044
      }
    ],
    [
      20,
      {
        "train_loss": 0.526333085932098,
        "train_accuracy": 0.8249125109361329
      }
    ],
    [
      21,
      {
        "train_loss": 0.5390293993174083,
        "train_accuracy": 0.8203406689046375
      }
    ],
    [
      22,
      {
        "train_loss": 0.5520199167584707,
        "train_accuracy": 0.819135410044501
      }
    ],
    [
      23,
      {
        "train_loss": 0.6004533234870795,
        "train_accuracy": 0.7906315789473685
      }
    ],
    [
      24,
      {
        "train_loss": 0.550929584939565,
        "train_accuracy": 0.8115131169961457
      }
    ],
    [
      25,
      {
        "train_loss": 0.6254188812240608,
        "train_accuracy": 0.7818947368421053
      }
    ],
    [
      26,
      {
        "train_loss": 0.5980883806391999,
        "train_accuracy": 0.793578947368421
      }
    ],
    [
      27,
      {
        "train_loss": 0.5175530918679394,
        "train_accuracy": 0.845096241979835
      }
    ],
    [
      28,
      {
        "train_loss": 0.6360027832348668,
        "train_accuracy": 0.7898793982344896
      }
    ],
    [
      29,
      {
        "train_loss": 0.6157014341617273,
        "train_accuracy": 0.7844210526315789
      }
    ],
    [
      30,
      {
        "train_loss": 0.6003985133258596,
        "train_accuracy": 0.80343155538978
      }
    ]
  ]
}