{
  "losses_distributed": [
    [
      1,
      1.2000243298786202
    ],
    [
      2,
      0.5874202943078561
    ],
    [
      3,
      0.7299762112753732
    ],
    [
      4,
      0.6757225162383642
    ],
    [
      5,
      0.4327973557481599
    ],
    [
      6,
      0.6373487851914995
    ],
    [
      7,
      0.6210287378996386
    ],
    [
      8,
      0.40116484831760324
    ],
    [
      9,
      0.34183101284791245
    ],
    [
      10,
      0.49784819091780713
    ],
    [
      11,
      0.6084472918354268
    ],
    [
      12,
      0.8184537975442497
    ],
    [
      13,
      0.3870514591839718
    ],
    [
      14,
      0.5800094455126148
    ],
    [
      15,
      0.3946492428717496
    ],
    [
      16,
      0.4833593986771651
    ],
    [
      17,
      0.38407346454944585
    ],
    [
      18,
      0.4697836005612265
    ],
    [
      19,
      0.5977040325441668
    ],
    [
      20,
      0.49877603067928356
    ],
    [
      21,
      0.6398172911078763
    ],
    [
      22,
      0.34887111082868283
    ],
    [
      23,
      0.5418051621316613
    ],
    [
      24,
      0.4424184184779549
    ],
    [
      25,
      0.47340441768452274
    ],
    [
      26,
      0.5581057125169713
    ],
    [
      27,
      0.32420545523603933
    ],
    [
      28,
      0.3213359110391606
    ],
    [
      29,
      0.6768729241102075
    ],
    [
      30,
      0.3239616481194156
    ]
  ],
  "metrics_distributed": [
    [
      1,
      {
        "val_accuracy": 0.6943755528606566
      }
    ],
    [
      2,
      {
        "val_accuracy": 0.7700975661248002
      }
    ],
    [
      3,
      {
        "val_accuracy": 0.678434518400727
      }
    ],
    [
      4,
      {
        "val_accuracy": 0.7490339622105615
      }
    ],
    [
      5,
      {
        "val_accuracy": 0.8367137349522746
      }
    ],
    [
      6,
      {
        "val_accuracy": 0.7218255083650829
      }
    ],
    [
      7,
      {
        "val_accuracy": 0.7725858255120788
      }
    ],
    [
      8,
      {
        "val_accuracy": 0.8423579532463837
      }
    ],
    [
      9,
      {
        "val_accuracy": 0.8264009662950029
      }
    ],
    [
      10,
      {
        "val_accuracy": 0.8213547409040793
      }
    ],
    [
      11,
      {
        "val_accuracy": 0.7210061074109051
      }
    ],
    [
      12,
      {
        "val_accuracy": 0.7022313849138977
      }
    ],
    [
      13,
      {
        "val_accuracy": 0.866047071905115
      }
    ],
    [
      14,
      {
        "val_accuracy": 0.7543848998032441
      }
    ],
    [
      15,
      {
        "val_accuracy": 0.8569831137933035
      }
    ],
    [
      16,
      {
        "val_accuracy": 0.821464877128882
      }
    ],
    [
      17,
      {
        "val_accuracy": 0.8691634827900783
      }
    ],
    [
      18,
      {
        "val_accuracy": 0.8347797464006641
      }
    ],
    [
      19,
      {
        "val_accuracy": 0.7187272340452966
      }
    ],
    [
      20,
      {
        "val_accuracy": 0.8288277418778702
      }
    ],
    [
      21,
      {
        "val_accuracy": 0.7222245788584026
      }
    ],
    [
      22,
      {
        "val_accuracy": 0.8644665922199217
      }
    ],
    [
      23,
      {
        "val_accuracy": 0.771896146499755
      }
    ],
    [
      24,
      {
        "val_accuracy": 0.8414634870107098
      }
    ],
    [
      25,
      {
        "val_accuracy": 0.806367144432194
      }
    ],
    [
      26,
      {
        "val_accuracy": 0.8031483042282397
      }
    ],
    [
      27,
      {
        "val_accuracy": 0.8820434214968518
      }
    ],
    [
      28,
      {
        "val_accuracy": 0.8722201589972727
      }
    ],
    [
      29,
      {
        "val_accuracy": 0.7507277777376715
      }
    ],
    [
      30,
      {
        "val_accuracy": 0.889326178261393
      }
    ]
  ],
  "metrics_distributed_fit": [
    [
      1,
      {
        "train_loss": 0.9471960592988535,
        "train_accuracy": 0.6924101198402131
      }
    ],
    [
      2,
      {
        "train_loss": 0.6422743063990134,
        "train_accuracy": 0.8081128760089514
      }
    ],
    [
      3,
      {
        "train_loss": 0.6022268289063683,
        "train_accuracy": 0.7888085181817831
      }
    ],
    [
      4,
      {
        "train_loss": 0.5079583218270505,
        "train_accuracy": 0.8137542499080719
      }
    ],
    [
      5,
      {
        "train_loss": 0.5439602948755063,
        "train_accuracy": 0.8070878948175211
      }
    ],
    [
      6,
      {
        "train_loss": 0.42002184607810467,
        "train_accuracy": 0.8680033498330332
      }
    ],
    [
      7,
      {
        "train_loss": 0.38909180128966137,
        "train_accuracy": 0.8704375089698632
      }
    ],
    [
      8,
      {
        "train_loss": 0.4226036374802642,
        "train_accuracy": 0.8699860878687738
      }
    ],
    [
      9,
      {
        "train_loss": 0.3841538560602673,
        "train_accuracy": 0.88687397964547
      }
    ],
    [
      10,
      {
        "train_loss": 0.4649895332228979,
        "train_accuracy": 0.8368294165754273
      }
    ],
    [
      11,
      {
        "train_loss": 0.4006156494465869,
        "train_accuracy": 0.8710094383077774
      }
    ],
    [
      12,
      {
        "train_loss": 0.4407236579138642,
        "train_accuracy": 0.8563285870606809
      }
    ],
    [
      13,
      {
        "train_loss": 0.4472442208086728,
        "train_accuracy": 0.8657588815552612
      }
    ],
    [
      14,
      {
        "train_loss": 0.38723609748341614,
        "train_accuracy": 0.887244421365844
      }
    ],
    [
      15,
      {
        "train_loss": 0.5061085927195715,
        "train_accuracy": 0.8271498477221764
      }
    ],
    [
      16,
      {
        "train_loss": 0.4917397996063316,
        "train_accuracy": 0.8333321745769767
      }
    ],
    [
      17,
      {
        "train_loss": 0.4864004973110732,
        "train_accuracy": 0.8451013660726295
      }
    ],
    [
      18,
      {
        "train_loss": 0.4575860149964801,
        "train_accuracy": 0.8605022586087752
      }
    ],
    [
      19,
      {
        "train_loss": 0.47119379340744333,
        "train_accuracy": 0.8445678136800542
      }
    ],
    [
      20,
      {
        "train_loss": 0.5050787625523315,
        "train_accuracy": 0.8388867156268197
      }
    ],
    [
      21,
      {
        "train_loss": 0.4879363724953169,
        "train_accuracy": 0.8333649129521161
      }
    ],
    [
      22,
      {
        "train_loss": 0.5320537928163706,
        "train_accuracy": 0.8183369234136165
      }
    ],
    [
      23,
      {
        "train_loss": 0.48416137485326227,
        "train_accuracy": 0.8419827243103883
      }
    ],
    [
      24,
      {
        "train_loss": 0.47067766619666607,
        "train_accuracy": 0.8539054682908538
      }
    ],
    [
      25,
      {
        "train_loss": 0.4127261380948896,
        "train_accuracy": 0.8796451964998576
      }
    ],
    [
      26,
      {
        "train_loss": 0.5654612908728961,
        "train_accuracy": 0.8203401225391369
      }
    ],
    [
      27,
      {
        "train_loss": 0.5682699893532671,
        "train_accuracy": 0.8086870762442437
      }
    ],
    [
      28,
      {
        "train_loss": 0.5359489557367249,
        "train_accuracy": 0.8294172074973442
      }
    ],
    [
      29,
      {
        "train_loss": 0.5121669688067413,
        "train_accuracy": 0.837817996513063
      }
    ],
    [
      30,
      {
        "train_loss": 0.414806180078537,
        "train_accuracy": 0.8783785644062808
      }
    ]
  ]
}