{
  "losses_distributed": [
    [
      1,
      1.2189326825296762
    ],
    [
      2,
      0.7933222471575613
    ],
    [
      3,
      0.5640138123568237
    ],
    [
      4,
      0.6684958200401784
    ],
    [
      5,
      0.5135020530610415
    ],
    [
      6,
      0.6204829940865765
    ],
    [
      7,
      0.5416282758301388
    ],
    [
      8,
      0.5196082299446751
    ],
    [
      9,
      0.5174652443580879
    ],
    [
      10,
      0.47034572662077634
    ],
    [
      11,
      0.6681002393835811
    ],
    [
      12,
      0.46018087661617757
    ],
    [
      13,
      0.41730885701961773
    ],
    [
      14,
      0.5205234569290446
    ],
    [
      15,
      0.44189642549900526
    ],
    [
      16,
      0.3696766825196994
    ],
    [
      17,
      0.47228502439488845
    ],
    [
      18,
      0.5065912021910427
    ],
    [
      19,
      0.3775926289853861
    ],
    [
      20,
      0.5493554246278181
    ],
    [
      21,
      0.47552242684871593
    ],
    [
      22,
      0.4656238250263714
    ],
    [
      23,
      0.42590632144941754
    ],
    [
      24,
      0.5040339040658779
    ],
    [
      25,
      0.6991475105195607
    ],
    [
      26,
      0.3967954110603436
    ],
    [
      27,
      0.4620514164652143
    ],
    [
      28,
      0.4992214836888348
    ],
    [
      29,
      0.5777313012026166
    ],
    [
      30,
      0.661569279342684
    ]
  ],
  "metrics_distributed": [
    [
      1,
      {
        "val_accuracy": 0.5530436271989619
      }
    ],
    [
      2,
      {
        "val_accuracy": 0.7485723276756406
      }
    ],
    [
      3,
      {
        "val_accuracy": 0.7801074834065389
      }
    ],
    [
      4,
      {
        "val_accuracy": 0.7301551352710058
      }
    ],
    [
      5,
      {
        "val_accuracy": 0.8142095547457986
      }
    ],
    [
      6,
      {
        "val_accuracy": 0.7305843759536161
      }
    ],
    [
      7,
      {
        "val_accuracy": 0.7921839109264311
      }
    ],
    [
      8,
      {
        "val_accuracy": 0.809796493798832
      }
    ],
    [
      9,
      {
        "val_accuracy": 0.7797707130854968
      }
    ],
    [
      10,
      {
        "val_accuracy": 0.7915922879384105
      }
    ],
    [
      11,
      {
        "val_accuracy": 0.7341945756570499
      }
    ],
    [
      12,
      {
        "val_accuracy": 0.801014835555744
      }
    ],
    [
      13,
      {
        "val_accuracy": 0.8561853198244535
      }
    ],
    [
      14,
      {
        "val_accuracy": 0.8116489884291113
      }
    ],
    [
      15,
      {
        "val_accuracy": 0.8445211461076348
      }
    ],
    [
      16,
      {
        "val_accuracy": 0.8840054770540683
      }
    ],
    [
      17,
      {
        "val_accuracy": 0.8291068997458991
      }
    ],
    [
      18,
      {
        "val_accuracy": 0.7869719775769105
      }
    ],
    [
      19,
      {
        "val_accuracy": 0.8631547062513644
      }
    ],
    [
      20,
      {
        "val_accuracy": 0.7777646411539121
      }
    ],
    [
      21,
      {
        "val_accuracy": 0.8277478978471097
      }
    ],
    [
      22,
      {
        "val_accuracy": 0.8577416186243841
      }
    ],
    [
      23,
      {
        "val_accuracy": 0.8244878451478351
      }
    ],
    [
      24,
      {
        "val_accuracy": 0.8030325298579265
      }
    ],
    [
      25,
      {
        "val_accuracy": 0.7212211549483447
      }
    ],
    [
      26,
      {
        "val_accuracy": 0.8537884846266443
      }
    ],
    [
      27,
      {
        "val_accuracy": 0.7991569634146926
      }
    ],
    [
      28,
      {
        "val_accuracy": 0.7957201750363817
      }
    ],
    [
      29,
      {
        "val_accuracy": 0.7386214045791547
      }
    ],
    [
      30,
      {
        "val_accuracy": 0.7417961680862014
      }
    ]
  ],
  "metrics_distributed_fit": [
    [
      1,
      {
        "train_loss": 1.7984851352099716,
        "train_accuracy": 0.4223300970873786
      }
    ],
    [
      2,
      {
        "train_loss": 0.8093960049788333,
        "train_accuracy": 0.7326419043728012
      }
    ],
    [
      3,
      {
        "train_loss": 0.6806518344962464,
        "train_accuracy": 0.7601102941217934
      }
    ],
    [
      4,
      {
        "train_loss": 0.6057819863955048,
        "train_accuracy": 0.7895701130942693
      }
    ],
    [
      5,
      {
        "train_loss": 0.5633271951371654,
        "train_accuracy": 0.8164255199669799
      }
    ],
    [
      6,
      {
        "train_loss": 0.5755580560983544,
        "train_accuracy": 0.7988012628761619
      }
    ],
    [
      7,
      {
        "train_loss": 0.46786255721354,
        "train_accuracy": 0.8460105093834542
      }
    ],
    [
      8,
      {
        "train_loss": 0.45409308439204765,
        "train_accuracy": 0.8524819163834207
      }
    ],
    [
      9,
      {
        "train_loss": 0.5774891473668113,
        "train_accuracy": 0.800829898073668
      }
    ],
    [
      10,
      {
        "train_loss": 0.49694645308155294,
        "train_accuracy": 0.8356630467691548
      }
    ],
    [
      11,
      {
        "train_loss": 0.5421417648178164,
        "train_accuracy": 0.8109476328233289
      }
    ],
    [
      12,
      {
        "train_loss": 0.49191070506734424,
        "train_accuracy": 0.8403891471424427
      }
    ],
    [
      13,
      {
        "train_loss": 0.4862661666185241,
        "train_accuracy": 0.8337410521876469
      }
    ],
    [
      14,
      {
        "train_loss": 0.4076447065074451,
        "train_accuracy": 0.8661060057876279
      }
    ],
    [
      15,
      {
        "train_loss": 0.4370075392605627,
        "train_accuracy": 0.855333543475771
      }
    ],
    [
      16,
      {
        "train_loss": 0.44057422557281517,
        "train_accuracy": 0.8594784703095623
      }
    ],
    [
      17,
      {
        "train_loss": 0.5381684414977526,
        "train_accuracy": 0.8229742206536128
      }
    ],
    [
      18,
      {
        "train_loss": 0.5160432025205856,
        "train_accuracy": 0.8371265609964118
      }
    ],
    [
      19,
      {
        "train_loss": 0.45937646427200146,
        "train_accuracy": 0.8604354060811563
      }
    ],
    [
      20,
      {
        "train_loss": 0.5239777644705675,
        "train_accuracy": 0.8384739296442365
      }
    ],
    [
      21,
      {
        "train_loss": 0.47927962887038944,
        "train_accuracy": 0.8401170308733772
      }
    ],
    [
      22,
      {
        "train_loss": 0.5248629930122046,
        "train_accuracy": 0.8269113932699078
      }
    ],
    [
      23,
      {
        "train_loss": 0.5196831774640686,
        "train_accuracy": 0.8374868964120658
      }
    ],
    [
      24,
      {
        "train_loss": 0.5648652714125377,
        "train_accuracy": 0.8122160320520484
      }
    ],
    [
      25,
      {
        "train_loss": 0.5461505281483995,
        "train_accuracy": 0.8187084923764655
      }
    ],
    [
      26,
      {
        "train_loss": 0.49433014537281295,
        "train_accuracy": 0.8481873110747518
      }
    ],
    [
      27,
      {
        "train_loss": 0.5944762766577044,
        "train_accuracy": 0.8082898982330385
      }
    ],
    [
      28,
      {
        "train_loss": 0.4882197250229465,
        "train_accuracy": 0.8451303507874977
      }
    ],
    [
      29,
      {
        "train_loss": 0.5281947751426178,
        "train_accuracy": 0.8349502936508898
      }
    ],
    [
      30,
      {
        "train_loss": 0.5504841755608346,
        "train_accuracy": 0.8292198784748781
      }
    ]
  ]
}