{
  "losses_distributed": [
    [
      1,
      0.9490251513058834
    ],
    [
      2,
      0.638077629329283
    ],
    [
      3,
      0.6560773869760993
    ],
    [
      4,
      0.3971126638089154
    ],
    [
      5,
      0.9310151231767712
    ],
    [
      6,
      0.8535033431690805
    ],
    [
      7,
      0.5394758827040542
    ],
    [
      8,
      0.6896667203258441
    ],
    [
      9,
      0.6016105670319685
    ],
    [
      10,
      0.4625009468205145
    ],
    [
      11,
      0.4652121841525148
    ],
    [
      12,
      0.4470598128286459
    ],
    [
      13,
      0.4915414714654383
    ],
    [
      14,
      0.7731064007334087
    ],
    [
      15,
      0.3757958876278441
    ],
    [
      16,
      0.39588438541863735
    ],
    [
      17,
      0.4471508174144596
    ],
    [
      18,
      0.44121049245608224
    ],
    [
      19,
      0.35385460860170614
    ],
    [
      20,
      0.4041035132104816
    ],
    [
      21,
      0.6127713076048821
    ],
    [
      22,
      0.4781280372683535
    ],
    [
      23,
      0.6172421335805702
    ],
    [
      24,
      0.7332989439032132
    ],
    [
      25,
      0.8754661496187024
    ],
    [
      26,
      0.5228697492429417
    ],
    [
      27,
      0.4533361320086042
    ],
    [
      28,
      0.5972839042236358
    ],
    [
      29,
      0.39951716173850843
    ],
    [
      30,
      0.51895361843436
    ]
  ],
  "metrics_distributed": [
    [
      1,
      {
        "val_accuracy": 0.7151880340753065
      }
    ],
    [
      2,
      {
        "val_accuracy": 0.756006526032573
      }
    ],
    [
      3,
      {
        "val_accuracy": 0.7699148504558875
      }
    ],
    [
      4,
      {
        "val_accuracy": 0.8667296767727664
      }
    ],
    [
      5,
      {
        "val_accuracy": 0.6775127334465195
      }
    ],
    [
      6,
      {
        "val_accuracy": 0.6181354254559616
      }
    ],
    [
      7,
      {
        "val_accuracy": 0.8116500424448218
      }
    ],
    [
      8,
      {
        "val_accuracy": 0.6945948746287214
      }
    ],
    [
      9,
      {
        "val_accuracy": 0.7556465526595629
      }
    ],
    [
      10,
      {
        "val_accuracy": 0.8444045597865631
      }
    ],
    [
      11,
      {
        "val_accuracy": 0.8135419630472667
      }
    ],
    [
      12,
      {
        "val_accuracy": 0.8264534838579436
      }
    ],
    [
      13,
      {
        "val_accuracy": 0.7700447080537214
      }
    ],
    [
      14,
      {
        "val_accuracy": 0.6848184995428444
      }
    ],
    [
      15,
      {
        "val_accuracy": 0.8403419413947855
      }
    ],
    [
      16,
      {
        "val_accuracy": 0.8641253750709594
      }
    ],
    [
      17,
      {
        "val_accuracy": 0.8440573483397935
      }
    ],
    [
      18,
      {
        "val_accuracy": 0.8510065311044361
      }
    ],
    [
      19,
      {
        "val_accuracy": 0.8280409306817116
      }
    ],
    [
      20,
      {
        "val_accuracy": 0.8480496310112724
      }
    ],
    [
      21,
      {
        "val_accuracy": 0.7586008154188288
      }
    ],
    [
      22,
      {
        "val_accuracy": 0.8224850736167717
      }
    ],
    [
      23,
      {
        "val_accuracy": 0.738052843803056
      }
    ],
    [
      24,
      {
        "val_accuracy": 0.6548727850976829
      }
    ],
    [
      25,
      {
        "val_accuracy": 0.7284949450153931
      }
    ],
    [
      26,
      {
        "val_accuracy": 0.8062407338769458
      }
    ],
    [
      27,
      {
        "val_accuracy": 0.7867052977608869
      }
    ],
    [
      28,
      {
        "val_accuracy": 0.7034812124337589
      }
    ],
    [
      29,
      {
        "val_accuracy": 0.8560792333900519
      }
    ],
    [
      30,
      {
        "val_accuracy": 0.8139686289241701
      }
    ]
  ],
  "metrics_distributed_fit": [
    [
      1,
      {
        "train_loss": 0.7737435173915058,
        "train_accuracy": 0.737051282051282
      }
    ],
    [
      2,
      {
        "train_loss": 0.6374818785890864,
        "train_accuracy": 0.8004167659486199
      }
    ],
    [
      3,
      {
        "train_loss": 0.5134142238100678,
        "train_accuracy": 0.8197714722681821
      }
    ],
    [
      4,
      {
        "train_loss": 0.4198845150676527,
        "train_accuracy": 0.8618939422764695
      }
    ],
    [
      5,
      {
        "train_loss": 0.40679808994328437,
        "train_accuracy": 0.8658477996192211
      }
    ],
    [
      6,
      {
        "train_loss": 0.40726856753325863,
        "train_accuracy": 0.8643141189893181
      }
    ],
    [
      7,
      {
        "train_loss": 0.4825298193055964,
        "train_accuracy": 0.8357774559628988
      }
    ],
    [
      8,
      {
        "train_loss": 0.3686737940528105,
        "train_accuracy": 0.8874121995413599
      }
    ],
    [
      9,
      {
        "train_loss": 0.40123936421273987,
        "train_accuracy": 0.869242939734325
      }
    ],
    [
      10,
      {
        "train_loss": 0.44044618512239353,
        "train_accuracy": 0.8634158924825913
      }
    ],
    [
      11,
      {
        "train_loss": 0.5400636746039039,
        "train_accuracy": 0.8139327381423546
      }
    ],
    [
      12,
      {
        "train_loss": 0.3921275701025439,
        "train_accuracy": 0.8864205715569793
      }
    ],
    [
      13,
      {
        "train_loss": 0.5035227517538284,
        "train_accuracy": 0.824425539746052
      }
    ],
    [
      14,
      {
        "train_loss": 0.5195210721377869,
        "train_accuracy": 0.8337572526168767
      }
    ],
    [
      15,
      {
        "train_loss": 0.43893056125100904,
        "train_accuracy": 0.8658659033679598
      }
    ],
    [
      16,
      {
        "train_loss": 0.4721753502672112,
        "train_accuracy": 0.8510444957002489
      }
    ],
    [
      17,
      {
        "train_loss": 0.520374142881992,
        "train_accuracy": 0.8144693316316073
      }
    ],
    [
      18,
      {
        "train_loss": 0.40314508762830087,
        "train_accuracy": 0.8777376575090878
      }
    ],
    [
      19,
      {
        "train_loss": 0.38560321845155765,
        "train_accuracy": 0.8888537210276618
      }
    ],
    [
      20,
      {
        "train_loss": 0.5359546934244889,
        "train_accuracy": 0.8280225741332812
      }
    ],
    [
      21,
      {
        "train_loss": 0.42625863359901867,
        "train_accuracy": 0.8786649903638711
      }
    ],
    [
      22,
      {
        "train_loss": 0.5067116945601889,
        "train_accuracy": 0.8339603111017196
      }
    ],
    [
      23,
      {
        "train_loss": 0.48452246131709437,
        "train_accuracy": 0.8347399136471766
      }
    ],
    [
      24,
      {
        "train_loss": 0.5124006207694294,
        "train_accuracy": 0.8433444329808931
      }
    ],
    [
      25,
      {
        "train_loss": 0.5351036064156233,
        "train_accuracy": 0.8199662613319268
      }
    ],
    [
      26,
      {
        "train_loss": 0.5544154276884231,
        "train_accuracy": 0.8015200074478596
      }
    ],
    [
      27,
      {
        "train_loss": 0.5889913527544302,
        "train_accuracy": 0.8076166139389427
      }
    ],
    [
      28,
      {
        "train_loss": 0.4943158212465082,
        "train_accuracy": 0.8463422375830216
      }
    ],
    [
      29,
      {
        "train_loss": 0.45437630672375834,
        "train_accuracy": 0.8564874382099134
      }
    ],
    [
      30,
      {
        "train_loss": 0.4638961361431444,
        "train_accuracy": 0.8547059062674948
      }
    ]
  ]
}