{
  "losses_distributed": [
    [
      1,
      0.8423519126134611
    ],
    [
      2,
      0.9438823369457542
    ],
    [
      3,
      0.7297819676344928
    ],
    [
      4,
      0.44837298725738006
    ],
    [
      5,
      0.5262511302039774
    ],
    [
      6,
      0.44256855178529986
    ],
    [
      7,
      0.5506024795831026
    ],
    [
      8,
      0.6890031196331435
    ],
    [
      9,
      0.37233364470624514
    ],
    [
      10,
      0.4809667360587198
    ],
    [
      11,
      0.4850699401551559
    ],
    [
      12,
      0.5411627103147548
    ],
    [
      13,
      0.5008521512040928
    ],
    [
      14,
      0.5013958576470687
    ],
    [
      15,
      0.4346239202061206
    ],
    [
      16,
      0.3860566887781792
    ],
    [
      17,
      0.4003744210901869
    ],
    [
      18,
      0.32562468410430007
    ],
    [
      19,
      0.4016376298566284
    ],
    [
      20,
      0.4602105497713605
    ],
    [
      21,
      0.43004998130283967
    ],
    [
      22,
      0.3817867987538093
    ],
    [
      23,
      0.312761766608644
    ],
    [
      24,
      0.6891278389936211
    ],
    [
      25,
      0.4658829725472031
    ],
    [
      26,
      0.79912271962237
    ],
    [
      27,
      0.4819357997355932
    ],
    [
      28,
      0.5067238653025359
    ],
    [
      29,
      0.638095797438983
    ],
    [
      30,
      0.33817318116571743
    ]
  ],
  "metrics_distributed": [
    [
      1,
      {
        "val_accuracy": 0.7511651900309514
      }
    ],
    [
      2,
      {
        "val_accuracy": 0.4851025779457417
      }
    ],
    [
      3,
      {
        "val_accuracy": 0.6177155012758657
      }
    ],
    [
      4,
      {
        "val_accuracy": 0.8390550891200612
      }
    ],
    [
      5,
      {
        "val_accuracy": 0.7445257058529916
      }
    ],
    [
      6,
      {
        "val_accuracy": 0.8381193272441907
      }
    ],
    [
      7,
      {
        "val_accuracy": 0.8105199326872861
      }
    ],
    [
      8,
      {
        "val_accuracy": 0.6912550532398605
      }
    ],
    [
      9,
      {
        "val_accuracy": 0.873855633802817
      }
    ],
    [
      10,
      {
        "val_accuracy": 0.8069028523668955
      }
    ],
    [
      11,
      {
        "val_accuracy": 0.7783488763824229
      }
    ],
    [
      12,
      {
        "val_accuracy": 0.7917818666434713
      }
    ],
    [
      13,
      {
        "val_accuracy": 0.8001139946640796
      }
    ],
    [
      14,
      {
        "val_accuracy": 0.8055551169835897
      }
    ],
    [
      15,
      {
        "val_accuracy": 0.8021451181034351
      }
    ],
    [
      16,
      {
        "val_accuracy": 0.8655114755756929
      }
    ],
    [
      17,
      {
        "val_accuracy": 0.8416009576165346
      }
    ],
    [
      18,
      {
        "val_accuracy": 0.8948420986725547
      }
    ],
    [
      19,
      {
        "val_accuracy": 0.8526172726736991
      }
    ],
    [
      20,
      {
        "val_accuracy": 0.8145218095190758
      }
    ],
    [
      21,
      {
        "val_accuracy": 0.8361184856447759
      }
    ],
    [
      22,
      {
        "val_accuracy": 0.8593361884368309
      }
    ],
    [
      23,
      {
        "val_accuracy": 0.9021557112740055
      }
    ],
    [
      24,
      {
        "val_accuracy": 0.7402802795199549
      }
    ],
    [
      25,
      {
        "val_accuracy": 0.81886735038882
      }
    ],
    [
      26,
      {
        "val_accuracy": 0.6400057603686636
      }
    ],
    [
      27,
      {
        "val_accuracy": 0.8230433133535818
      }
    ],
    [
      28,
      {
        "val_accuracy": 0.8345801094456717
      }
    ],
    [
      29,
      {
        "val_accuracy": 0.7473492436278235
      }
    ],
    [
      30,
      {
        "val_accuracy": 0.87568751794063
      }
    ]
  ],
  "metrics_distributed_fit": [
    [
      1,
      {
        "train_loss": 1.3578994217164375,
        "train_accuracy": 0.5783771323190411
      }
    ],
    [
      2,
      {
        "train_loss": 0.609187349466905,
        "train_accuracy": 0.8088360070488309
      }
    ],
    [
      3,
      {
        "train_loss": 0.5251670657523818,
        "train_accuracy": 0.8230268602287575
      }
    ],
    [
      4,
      {
        "train_loss": 0.5638834256671399,
        "train_accuracy": 0.7959334747207821
      }
    ],
    [
      5,
      {
        "train_loss": 0.4639007653392246,
        "train_accuracy": 0.8551921495051019
      }
    ],
    [
      6,
      {
        "train_loss": 0.4437739004053624,
        "train_accuracy": 0.8537848076759276
      }
    ],
    [
      7,
      {
        "train_loss": 0.5240974665890885,
        "train_accuracy": 0.8093010526190619
      }
    ],
    [
      8,
      {
        "train_loss": 0.46503385221559523,
        "train_accuracy": 0.8462732335167363
      }
    ],
    [
      9,
      {
        "train_loss": 0.4305397268898634,
        "train_accuracy": 0.8700784371988588
      }
    ],
    [
      10,
      {
        "train_loss": 0.5078268658710251,
        "train_accuracy": 0.8227150787331002
      }
    ],
    [
      11,
      {
        "train_loss": 0.4976172850960648,
        "train_accuracy": 0.8337573325039446
      }
    ],
    [
      12,
      {
        "train_loss": 0.4510229084380885,
        "train_accuracy": 0.8492539581924521
      }
    ],
    [
      13,
      {
        "train_loss": 0.46069942798116265,
        "train_accuracy": 0.8549091520398889
      }
    ],
    [
      14,
      {
        "train_loss": 0.3762217977967948,
        "train_accuracy": 0.8847452626521474
      }
    ],
    [
      15,
      {
        "train_loss": 0.3935723871277817,
        "train_accuracy": 0.880894333218905
      }
    ],
    [
      16,
      {
        "train_loss": 0.47454402835127424,
        "train_accuracy": 0.8452413367856284
      }
    ],
    [
      17,
      {
        "train_loss": 0.5096955815054297,
        "train_accuracy": 0.8233994319548007
      }
    ],
    [
      18,
      {
        "train_loss": 0.4824373974381026,
        "train_accuracy": 0.8419907283618867
      }
    ],
    [
      19,
      {
        "train_loss": 0.4948784611684385,
        "train_accuracy": 0.8343609512874836
      }
    ],
    [
      20,
      {
        "train_loss": 0.471733399457722,
        "train_accuracy": 0.8554695470452524
      }
    ],
    [
      21,
      {
        "train_loss": 0.4667675200895653,
        "train_accuracy": 0.8513898084811663
      }
    ],
    [
      22,
      {
        "train_loss": 0.46658341174885076,
        "train_accuracy": 0.8621302136611885
      }
    ],
    [
      23,
      {
        "train_loss": 0.5477465105186643,
        "train_accuracy": 0.8303076129639367
      }
    ],
    [
      24,
      {
        "train_loss": 0.5501135519840087,
        "train_accuracy": 0.8160469521034721
      }
    ],
    [
      25,
      {
        "train_loss": 0.5136095209823749,
        "train_accuracy": 0.8330008233121858
      }
    ],
    [
      26,
      {
        "train_loss": 0.4776558233930152,
        "train_accuracy": 0.8605046866956654
      }
    ],
    [
      27,
      {
        "train_loss": 0.4400553316924958,
        "train_accuracy": 0.8706402140675963
      }
    ],
    [
      28,
      {
        "train_loss": 0.5360022433703933,
        "train_accuracy": 0.8256643000302972
      }
    ],
    [
      29,
      {
        "train_loss": 0.5340589552884006,
        "train_accuracy": 0.8224696506468537
      }
    ],
    [
      30,
      {
        "train_loss": 0.5299857764389516,
        "train_accuracy": 0.8307242087796137
      }
    ]
  ]
}