{
  "losses_distributed": [
    [
      1,
      1.807428216054276
    ],
    [
      2,
      0.6651983960430221
    ],
    [
      3,
      0.686998320007047
    ],
    [
      4,
      0.5456280076768896
    ],
    [
      5,
      0.5789351463766476
    ],
    [
      6,
      0.37890594861030097
    ],
    [
      7,
      0.4477003051210656
    ],
    [
      8,
      0.4947858569957709
    ],
    [
      9,
      0.4624991151365903
    ],
    [
      10,
      0.532673772329193
    ],
    [
      11,
      0.462899653246959
    ],
    [
      12,
      0.6888035347740558
    ],
    [
      13,
      0.4478724714963833
    ],
    [
      14,
      0.41381026263055504
    ],
    [
      15,
      0.48643772859707135
    ],
    [
      16,
      0.44480294316608215
    ],
    [
      17,
      0.6136429985817867
    ],
    [
      18,
      0.4936217779381163
    ],
    [
      19,
      0.5916581347544487
    ],
    [
      20,
      0.5170596629573453
    ],
    [
      21,
      0.5183802216815409
    ],
    [
      22,
      0.5472156186097071
    ],
    [
      23,
      0.5685604792628529
    ],
    [
      24,
      0.6507234716591144
    ],
    [
      25,
      0.4875712187027606
    ],
    [
      26,
      0.6331032193108891
    ],
    [
      27,
      0.38977234974569547
    ],
    [
      28,
      0.563656217768437
    ],
    [
      29,
      0.41066875998580527
    ],
    [
      30,
      0.5113151134178279
    ],
    [
      31,
      0.4641067639320127
    ],
    [
      32,
      0.5565889673983819
    ],
    [
      33,
      0.44694737371871934
    ],
    [
      34,
      0.5486465362210472
    ],
    [
      35,
      0.9073889665755598
    ],
    [
      36,
      0.5658578843728632
    ],
    [
      37,
      0.6924682316058257
    ],
    [
      38,
      0.5353288443996076
    ],
    [
      39,
      0.4751738872347603
    ],
    [
      40,
      0.5619736328996663
    ],
    [
      41,
      0.5027372939024453
    ],
    [
      42,
      0.6104522800953872
    ],
    [
      43,
      0.5846590135914892
    ],
    [
      44,
      0.561645868006494
    ],
    [
      45,
      0.47854348688740883
    ],
    [
      46,
      0.5197586152219535
    ],
    [
      47,
      0.5713966276321635
    ],
    [
      48,
      0.5540457684498551
    ],
    [
      49,
      0.4648653728400657
    ],
    [
      50,
      0.45403517133359245
    ]
  ],
  "metrics_distributed": [
    [
      1,
      {
        "val_accuracy": 0.4920880589018431
      }
    ],
    [
      2,
      {
        "val_accuracy": 0.7424422551281022
      }
    ],
    [
      3,
      {
        "val_accuracy": 0.6435503930564703
      }
    ],
    [
      4,
      {
        "val_accuracy": 0.7860105399529117
      }
    ],
    [
      5,
      {
        "val_accuracy": 0.7880232508653787
      }
    ],
    [
      6,
      {
        "val_accuracy": 0.8499249865632234
      }
    ],
    [
      7,
      {
        "val_accuracy": 0.8171909097521985
      }
    ],
    [
      8,
      {
        "val_accuracy": 0.8227345854417668
      }
    ],
    [
      9,
      {
        "val_accuracy": 0.8190212147496828
      }
    ],
    [
      10,
      {
        "val_accuracy": 0.8044326674166248
      }
    ],
    [
      11,
      {
        "val_accuracy": 0.8293717005078398
      }
    ],
    [
      12,
      {
        "val_accuracy": 0.6695203508219416
      }
    ],
    [
      13,
      {
        "val_accuracy": 0.8264671406433735
      }
    ],
    [
      14,
      {
        "val_accuracy": 0.8361255713206605
      }
    ],
    [
      15,
      {
        "val_accuracy": 0.842843809288591
      }
    ],
    [
      16,
      {
        "val_accuracy": 0.8373088876508478
      }
    ],
    [
      17,
      {
        "val_accuracy": 0.756616358607867
      }
    ],
    [
      18,
      {
        "val_accuracy": 0.8430845961214181
      }
    ],
    [
      19,
      {
        "val_accuracy": 0.7593295979149625
      }
    ],
    [
      20,
      {
        "val_accuracy": 0.8270732043601026
      }
    ],
    [
      21,
      {
        "val_accuracy": 0.8170712145252798
      }
    ],
    [
      22,
      {
        "val_accuracy": 0.7719606422480386
      }
    ],
    [
      23,
      {
        "val_accuracy": 0.7560919089498235
      }
    ],
    [
      24,
      {
        "val_accuracy": 0.7481113480528649
      }
    ],
    [
      25,
      {
        "val_accuracy": 0.7786141506638953
      }
    ],
    [
      26,
      {
        "val_accuracy": 0.7549306609039128
      }
    ],
    [
      27,
      {
        "val_accuracy": 0.861630479213103
      }
    ],
    [
      28,
      {
        "val_accuracy": 0.7632024483828207
      }
    ],
    [
      29,
      {
        "val_accuracy": 0.847055044819499
      }
    ],
    [
      30,
      {
        "val_accuracy": 0.8074680402086863
      }
    ],
    [
      31,
      {
        "val_accuracy": 0.834537189840664
      }
    ],
    [
      32,
      {
        "val_accuracy": 0.8050940000681258
      }
    ],
    [
      33,
      {
        "val_accuracy": 0.8242116086767058
      }
    ],
    [
      34,
      {
        "val_accuracy": 0.7971644383482565
      }
    ],
    [
      35,
      {
        "val_accuracy": 0.6894792084775014
      }
    ],
    [
      36,
      {
        "val_accuracy": 0.748258478138707
      }
    ],
    [
      37,
      {
        "val_accuracy": 0.7231737719916403
      }
    ],
    [
      38,
      {
        "val_accuracy": 0.7688981266046122
      }
    ],
    [
      39,
      {
        "val_accuracy": 0.8173074305311121
      }
    ],
    [
      40,
      {
        "val_accuracy": 0.7900468873065266
      }
    ],
    [
      41,
      {
        "val_accuracy": 0.7662820814099417
      }
    ],
    [
      42,
      {
        "val_accuracy": 0.7300653724948273
      }
    ],
    [
      43,
      {
        "val_accuracy": 0.7689190658140136
      }
    ],
    [
      44,
      {
        "val_accuracy": 0.7753096499582516
      }
    ],
    [
      45,
      {
        "val_accuracy": 0.8335181492970256
      }
    ],
    [
      46,
      {
        "val_accuracy": 0.7919748046643318
      }
    ],
    [
      47,
      {
        "val_accuracy": 0.7407591071695033
      }
    ],
    [
      48,
      {
        "val_accuracy": 0.767166639379114
      }
    ],
    [
      49,
      {
        "val_accuracy": 0.820751720821327
      }
    ],
    [
      50,
      {
        "val_accuracy": 0.7951757399734193
      }
    ]
  ],
  "metrics_distributed_fit": [
    [
      1,
      {
        "train_loss": 0.9426863905266906,
        "train_accuracy": 0.7147380014741231
      }
    ],
    [
      2,
      {
        "train_loss": 0.60042981030555,
        "train_accuracy": 0.802579517208737
      }
    ],
    [
      3,
      {
        "train_loss": 0.4038576811009316,
        "train_accuracy": 0.8668228843893815
      }
    ],
    [
      4,
      {
        "train_loss": 0.40744176170579804,
        "train_accuracy": 0.8744861867156296
      }
    ],
    [
      5,
      {
        "train_loss": 0.4573308267890734,
        "train_accuracy": 0.8487218160953716
      }
    ],
    [
      6,
      {
        "train_loss": 0.3687368467123299,
        "train_accuracy": 0.881332742788173
      }
    ],
    [
      7,
      {
        "train_loss": 0.479242604492316,
        "train_accuracy": 0.8316144446007536
      }
    ],
    [
      8,
      {
        "train_loss": 0.43174130012549594,
        "train_accuracy": 0.8598575242396878
      }
    ],
    [
      9,
      {
        "train_loss": 0.3913855481528167,
        "train_accuracy": 0.877220720862432
      }
    ],
    [
      10,
      {
        "train_loss": 0.45232750511680775,
        "train_accuracy": 0.8403232540085761
      }
    ],
    [
      11,
      {
        "train_loss": 0.4453462483655477,