{
  "losses_distributed": [
    [
      1,
      0.5575104948907795
    ],
    [
      2,
      0.42457868675672983
    ],
    [
      3,
      0.45917625041263055
    ],
    [
      4,
      0.4825532325177803
    ],
    [
      5,
      0.44371700195057134
    ],
    [
      6,
      0.41193315022722543
    ],
    [
      7,
      0.40785606107027494
    ],
    [
      8,
      0.3792834573093502
    ],
    [
      9,
      0.3674182962233098
    ],
    [
      10,
      0.4334239117008841
    ],
    [
      11,
      0.41688220301032713
    ],
    [
      12,
      0.4843617128180312
    ],
    [
      13,
      0.38502414672429325
    ],
    [
      14,
      0.44701079952271233
    ],
    [
      15,
      0.42763568307996846
    ],
    [
      16,
      0.4103635324757709
    ],
    [
      17,
      0.4019212076495612
    ],
    [
      18,
      0.4099512359890028
    ],
    [
      19,
      0.49707423958992153
    ],
    [
      20,
      0.47364500253749087
    ],
    [
      21,
      0.3982670111757404
    ],
    [
      22,
      0.4053521544259313
    ],
    [
      23,
      0.3940931201717
    ],
    [
      24,
      0.4564673103562611
    ],
    [
      25,
      0.39216153302463874
    ],
    [
      26,
      0.4689865725309968
    ],
    [
      27,
      0.38586367949072226
    ],
    [
      28,
      0.45693517187671945
    ],
    [
      29,
      0.40714476939710165
    ],
    [
      30,
      0.5469397522363642
    ],
    [
      31,
      0.5892291869209931
    ],
    [
      32,
      0.41133467157757153
    ],
    [
      33,
      0.48239210809770305
    ],
    [
      34,
      0.47932925109232327
    ],
    [
      35,
      0.4155547093245112
    ],
    [
      36,
      0.6144563789940999
    ],
    [
      37,
      0.4720895479899982
    ],
    [
      38,
      0.5890699423467096
    ],
    [
      39,
      0.4908606816283919
    ],
    [
      40,
      0.4497776317662167
    ],
    [
      41,
      0.4927416331132615
    ],
    [
      42,
      0.4317174787057265
    ],
    [
      43,
      0.5117701188849443
    ],
    [
      44,
      0.5345877955116434
    ],
    [
      45,
      0.46674740280358845
    ],
    [
      46,
      0.5495243728320942
    ],
    [
      47,
      0.5383485984793013
    ],
    [
      48,
      0.5221217354582675
    ],
    [
      49,
      0.48913309012120426
    ],
    [
      50,
      0.4707051510827145
    ]
  ],
  "metrics_distributed": [
    [
      1,
      {
        "val_accuracy": 0.8033618108976307
      }
    ],
    [
      2,
      {
        "val_accuracy": 0.8463882203503141
      }
    ],
    [
      3,
      {
        "val_accuracy": 0.8110911992427718
      }
    ],
    [
      4,
      {
        "val_accuracy": 0.83541761148904
      }
    ],
    [
      5,
      {
        "val_accuracy": 0.8379563328260109
      }
    ],
    [
      6,
      {
        "val_accuracy": 0.8418538815157262
      }
    ],
    [
      7,
      {
        "val_accuracy": 0.854380501577811
      }
    ],
    [
      8,
      {
        "val_accuracy": 0.8748441759375231
      }
    ],
    [
      9,
      {
        "val_accuracy": 0.8622371157357163
      }
    ],
    [
      10,
      {
        "val_accuracy": 0.8381172850422665
      }
    ],
    [
      11,
      {
        "val_accuracy": 0.8462249959647926
      }
    ],
    [
      12,
      {
        "val_accuracy": 0.8343192973391889
      }
    ],
    [
      13,
      {
        "val_accuracy": 0.8668902276552741
      }
    ],
    [
      14,
      {
        "val_accuracy": 0.8523724627779201
      }
    ],
    [
      15,
      {
        "val_accuracy": 0.8396747991580944
      }
    ],
    [
      16,
      {
        "val_accuracy": 0.8470350236275451
      }
    ],
    [
      17,
      {
        "val_accuracy": 0.8620183524331506
      }
    ],
    [
      18,
      {
        "val_accuracy": 0.8459439189871844
      }
    ],
    [
      19,
      {
        "val_accuracy": 0.8393007836045812
      }
    ],
    [
      20,
      {
        "val_accuracy": 0.8433521007167494
      }
    ],
    [
      21,
      {
        "val_accuracy": 0.8674487030584592
      }
    ],
    [
      22,
      {
        "val_accuracy": 0.8588178117557036
      }
    ],
    [
      23,
      {
        "val_accuracy": 0.8639792231255645
      }
    ],
    [
      24,
      {
        "val_accuracy": 0.8423286830612151
      }
    ],
    [
      25,
      {
        "val_accuracy": 0.8490444178614953
      }
    ],
    [
      26,
      {
        "val_accuracy": 0.8379474038098041
      }
    ],
    [
      27,
      {
        "val_accuracy": 0.8481192874120904
      }
    ],
    [
      28,
      {
        "val_accuracy": 0.8558073644626589
      }
    ],
    [
      29,
      {
        "val_accuracy": 0.8609958534828331
      }
    ],
    [
      30,
      {
        "val_accuracy": 0.811921768707483
      }
    ],
    [
      31,
      {
        "val_accuracy": 0.7777570585525306
      }
    ],
    [
      32,
      {
        "val_accuracy": 0.8475527159499837
      }
    ],
    [
      33,
      {
        "val_accuracy": 0.8137385220872451
      }
    ],
    [
      34,
      {
        "val_accuracy": 0.8335355253212395
      }
    ],
    [
      35,
      {
        "val_accuracy": 0.8412146985799114
      }
    ],
    [
      36,
      {
        "val_accuracy": 0.76067698297414
      }
    ],
    [
      37,
      {
        "val_accuracy": 0.8288406024069637
      }
    ],
    [
      38,
      {
        "val_accuracy": 0.7875645234264668
      }
    ],
    [
      39,
      {
        "val_accuracy": 0.8179658804601888
      }
    ],
    [
      40,
      {
        "val_accuracy": 0.8357979465553811
      }
    ],
    [
      41,
      {
        "val_accuracy": 0.8222492110945026
      }
    ],
    [
      42,
      {
        "val_accuracy": 0.8431888635433117
      }
    ],
    [
      43,
      {
        "val_accuracy": 0.8253457227701504
      }
    ],
    [
      44,
      {
        "val_accuracy": 0.8028767165872652
      }
    ],
    [
      45,
      {
        "val_accuracy": 0.8334438140544476
      }
    ],
    [
      46,
      {
        "val_accuracy": 0.7949041979587907
      }
    ],
    [
      47,
      {
        "val_accuracy": 0.8125191634850031
      }
    ],
    [
      48,
      {
        "val_accuracy": 0.8167056986729118
      }
    ],
    [
      49,
      {
        "val_accuracy": 0.8337035206376815
      }
    ],
    [
      50,
      {
        "val_accuracy": 0.8349651220727454
      }
    ]
  ],
  "metrics_distributed_fit": [
    [
      1,
      {
        "train_loss": 1.112204862492425,
        "train_accuracy": 0.6134529147982063
      }
    ],
    [
      2,
      {
        "train_loss": 0.7481136715918664,
        "train_accuracy": 0.7350903614457831
      }
    ],
    [
      3,
      {
        "train_loss": 0.6503082146437175,
        "train_accuracy": 0.7729245861757432
      }
    ],
    [
      4,
      {
        "train_loss": 0.5434757975326188,
        "train_accuracy": 0.8057767307025935
      }
    ],
    [
      5,
      {
        "train_loss": 0.5345127641358332,
        "train_accuracy": 0.8149127449679454
      }
    ],
    [
      6,
      {
        "train_loss": 0.5498384209404842,
        "train_accuracy": 0.8189879725326913
      }
    ],
    [
      7,
      {
        "train_loss": 0.5662278993612919,
        "train_accuracy": 0.8096087858220211
      }
    ],
    [
      8,
      {
        "train_loss": 0.5520168843499806,
        "train_accuracy": 0.8037507682502105
      }
    ],
    [
      9,
      {
        "train_loss": 0.5919092271022874,
        "train_accuracy": 0.7945582780163999
      }
    ],
    [
      10,
      {
        "train_loss": 0.5902718978865218,
        "train_accuracy": 0.7964932749349605
      }
    ],
    [
      11,
      {
        "train_loss": 0.5969020308360122,